ADR name,Tensorflow Mean AUC,Web Mean AUC,Positive Count
Atonic_urinary_bladder,0.998096440562,nan,4.0
Facial_nerve_disorder,0.998096440562,nan,4.0
Vein_discolouration,0.977099236641,nan,4.0
Osteonecrosis_of_jaw,0.974236641221,nan,4.0
Sensory_loss,0.965732535203,nan,6.0
Vocal_cord_paresis,0.956106870229,nan,5.0
Enlarged_clitoris,0.934385754536,nan,5.0
Blunted_affect,0.934160305344,nan,3.0
Deafness_bilateral,0.931895620983,nan,6.0
Vocal_cord_paralysis,0.931460195828,nan,5.0
Cervix_disorder,0.925572519084,nan,3.0
Hypervitaminosis,0.916182915856,nan,2.0
Androgenetic_alopecia,0.912864385298,nan,4.0
Subcutaneous_abscess,0.910646387833,nan,2.0
Plantar_erythema,0.909058264196,nan,6.0
Cryptococcosis,0.908158092285,nan,6.0
Myxoedema,0.906844106464,nan,2.0
Foetal_distress_syndrome,0.904942965779,nan,2.0
Neonatal_disorder,0.904935709517,nan,2.0
Skin_depigmentation,0.895437262357,nan,2.0
Schizoaffective_disorder,0.894854537243,nan,4.0
Rectal_discharge,0.891634980989,nan,2.0
Otitis_media_acute,0.891286680405,nan,2.0
Athetosis,0.88706837334,nan,3.0
Renal_tubular_acidosis,0.885953019541,nan,8.0
Gastrointestinal_toxicity,0.881115105253,nan,10.0
Nuchal_rigidity,0.878455681327,nan,4.0
Malnutrition,0.878056095744,nan,3.0
Soft_tissue_necrosis,0.871183206107,nan,4.0
Ureteric_obstruction,0.870925034253,0.620763,13.0
Lip_oedema,0.87072243346,nan,2.0
Infectious_mononucleosis,0.86564788746,nan,3.0
Atrial_tachycardia,0.865488955555,nan,9.0
Rash_morbilliform,0.861216730038,nan,2.0
Scrotal_disorder,0.861158679941,nan,2.0
Joint_crepitation,0.860215365861,nan,3.0
Duodenal_ulcer_perforation,0.859239106682,nan,3.0
Acute_leukaemia,0.855050244902,0.612749,16.0
Head_and_neck_cancer,0.848282442748,nan,4.0
Parotitis,0.845992655201,nan,8.0
Normochromic_normocytic_anaemia,0.845293112087,nan,8.0
Eyelids_pruritus,0.84514652812,nan,3.0
Eczema_infected,0.843721881984,nan,3.0
Masked_facies,0.843021552291,nan,5.0
Nephrocalcinosis,0.842810011707,nan,3.0
Bone_density_decreased,0.841806228775,nan,3.0
Onychomycosis,0.841147905798,nan,7.0
Pseudolymphoma,0.83813353146,nan,4.0
Atrioventricular_dissociation,0.837225158218,nan,6.0
Conjunctivitis_allergic,0.83627453826,nan,3.0
Intestinal_ischaemia,0.835838715991,nan,6.0
Oesophageal_haemorrhage,0.834303253708,nan,2.0
Retinal_vein_thrombosis,0.833991401246,nan,7.0
Asthenopia,0.833131032466,nan,4.0
Cancer_in_remission,0.829556253701,nan,10.0
Toxoplasmosis,0.828880407125,nan,5.0
Hypertrophic_cardiomyopathy,0.828736132252,0.875427,16.0
Binge_eating,0.826640640873,nan,2.0
Paraparesis,0.822271467682,0.829597,15.0
Congenital_genital_malformation,0.821292775665,nan,2.0
Collagen_disorder,0.820388708418,nan,5.0
Gastric_ulcer_perforation,0.817490494297,nan,2.0
Rhinitis_perennial,0.816730523627,nan,6.0
Polymyalgia_rheumatica,0.815692340692,0.689782,12.0
Chondropathy,0.815589353612,nan,2.0
Fat_embolism,0.815223524306,0.917992,15.0
Vascular_headache,0.812333655055,nan,7.0
Burkitt's_lymphoma,0.810849454437,nan,5.0
Sarcoidosis,0.809885931559,nan,2.0
Metabolic_alkalosis,0.807484618485,nan,4.0
Secondary_adrenocortical_insufficiency,0.806626741684,0.888372,12.0
Phlebosclerosis,0.802043422733,nan,4.0
Antibody_test_positive,0.800380228137,nan,2.0
Gastrointestinal_neoplasm,0.80034636558,nan,4.0
Retinal_vein_occlusion,0.798836529686,nan,6.0
Infertility_male,0.798479087452,nan,2.0
Palmar-plantar_erythrodysaesthesia_syndrome,0.798421902525,nan,6.0
Acute_lymphocytic_leukaemia,0.798350893488,nan,4.0
Tinea_infection,0.795583389391,nan,5.0
Proctitis_ulcerative,0.793900386033,nan,3.0
Hypolipidaemia,0.793900386033,nan,3.0
Inguinal_hernia,0.79285011651,nan,6.0
Peliosis_hepatis,0.79219646576,nan,10.0
Blood_uric_acid_increased,0.792054569712,0.527242,18.0
Urethral_obstruction,0.791991989087,nan,3.0
Retinal_vascular_disorder,0.791991414517,nan,6.0
Nasal_disorder,0.791603779061,nan,3.0
Psychosexual_disorder,0.790874524715,nan,2.0
Optic_ischaemic_neuropathy,0.790450928382,nan,9.0
Gastritis_erosive,0.79008359214,nan,3.0
Kaposi's_sarcoma,0.79008359214,nan,3.0
Pseudomonas_infection,0.784946158535,nan,2.0
Expressive_language_disorder,0.782587873335,nan,2.0
Diabetic_coma,0.780824601631,nan,3.0
Obsessive_thoughts,0.779467680608,nan,2.0
Exophthalmos,0.779114829388,0.793608,27.0
Extensor_plantar_response,0.777813252837,nan,3.0
Derealisation,0.776880855586,nan,4.0
Colitis_microscopic,0.77566539924,nan,2.0
Ovarian_disorder,0.774861340697,0.510639,17.0
Aminoaciduria,0.77431056335,nan,3.0
Leukoplakia_oral,0.774082334016,nan,5.0
Dental_plaque,0.773307790549,nan,6.0
Pharyngitis_streptococcal,0.773301650457,nan,6.0
Gingival_hypertrophy,0.771493048501,nan,2.0
Insulinoma,0.770464577597,nan,3.0
Adjustment_disorder,0.76920006966,nan,2.0
Abscess_sterile,0.767584257721,0.850144,16.0
Blood_pressure_systolic_decreased,0.767204597568,nan,3.0
Lip_dry,0.764840485819,nan,10.0
Hypoaesthesia_oral,0.763617074969,nan,8.0
Haemothorax,0.76337329115,nan,2.0
Application_site_atrophy,0.763358778626,nan,3.0
Testicular_pain,0.763165495129,0.644025,15.0
Localised_infection,0.762966754412,nan,8.0
Blood_cholesterol_increased,0.762263986018,0.497024,23.0
Hypochloraemia,0.761766511232,0.576575,11.0
Asteatosis,0.761450381679,nan,3.0
Renal_papillary_necrosis,0.760536398467,nan,8.0
Blindness_cortical,0.759083688879,0.763283,23.0
Chapped_lips,0.758872542807,nan,6.0
Skin_warm,0.75858778626,nan,3.0
Arteritis,0.757815456384,nan,9.0
Cerebellar_syndrome,0.75697274228,0.577214,11.0
Graft_loss,0.75602044352,0.532361,12.0
Lymphocyte_count_decreased,0.755938041196,nan,3.0
Pyogenic_granuloma,0.753930475334,nan,3.0
Lacrimation_decreased,0.751991264758,nan,4.0
Balanoposthitis,0.751704477137,nan,6.0
Cushing's_syndrome,0.750094071926,0.987378,12.0
Myocardial_rupture,0.749470051773,0.929168,19.0
Carbohydrate_tolerance_decreased,0.748175618504,0.88833,28.0
Renal_vasculitis,0.746313818826,nan,2.0
Hand_and_foot_syndrome_secondary_to_sickle_cell_anaemia,0.746207430716,nan,7.0
Nephrogenic_diabetes_insipidus,0.745041613172,nan,7.0
Blepharospasm,0.744190194308,0.553394,12.0
Alkalosis_hypokalaemic,0.743551939992,0.943541,21.0
Muscle_mass,0.743496695273,0.934488,21.0
Lupus-like_syndrome,0.743346007605,nan,2.0
Skin_test_positive,0.743335539573,0.929211,21.0
Venous_occlusion,0.743101343991,nan,7.0
Personality_change,0.741123700192,0.669278,24.0
Chorioretinopathy,0.74070472818,nan,2.0
Pelvic_inflammatory_disease,0.739410843609,nan,7.0
Sensation_of_pressure,0.738200968878,nan,5.0
Eustachian_tube_disorder,0.737552748763,nan,4.0
Elastosis_perforans,0.737213266082,nan,8.0
Coombs_test_positive,0.736480360329,nan,6.0
Compression_fracture,0.7362139778,0.914266,22.0
Disinhibition,0.735771758673,nan,6.0
Neuromyopathy,0.735364119235,nan,2.0
Ketonuria,0.734965287389,nan,6.0
Bladder_dysfunction,0.734528120311,nan,8.0
Bronchospasm_paradoxical,0.73358380223,nan,8.0
Bladder_irritation,0.733356576629,nan,5.0
Corneal_infection,0.732568748663,nan,10.0
Torticollis,0.73218632927,0.527924,21.0
International_normalised_ratio_increased,0.732029834089,nan,7.0
Tumour_invasion,0.731880232294,nan,10.0
Facial_paresis,0.731581769656,nan,9.0
Acute_abdomen,0.730540013154,nan,8.0
Breast_disorder_male,0.730282935455,nan,6.0
Intraocular_pressure_increased,0.730157228525,0.767552,44.0
Rectal_prolapse,0.729181783879,nan,2.0
Pyoderma,0.728903579074,nan,8.0
Injection_site_haemorrhage,0.728422053951,0.547244,14.0
Deafness_transitory,0.728292891766,nan,3.0
Oesophageal_spasm,0.728292597593,nan,7.0
Hyperchloraemia,0.728205128205,nan,7.0
Necrotising_fasciitis,0.727191149295,nan,4.0
Bronchopneumonia,0.727028708254,nan,6.0
Ophthalmoplegia,0.726503186273,0.537942,11.0
Erysipelas,0.725386758773,nan,2.0
Back_disorder,0.725379502511,nan,2.0
Mass,0.724461084839,0.798029,44.0
Auricular_swelling,0.72433460076,nan,2.0
Febrile_neutropenia,0.724250100031,0.849944,70.0
Hyperadrenocorticism,0.724136402246,0.905614,24.0
Growth_retardation,0.723823585447,0.759232,18.0
Floppy_iris_syndrome,0.723764015753,nan,4.0
Withdrawal_syndrome,0.72375851418,0.709148,25.0
Poor_peripheral_circulation,0.723485618088,nan,2.0
Sarcoma,0.723425715792,nan,9.0
Nitrogen_balance_negative,0.722881887636,0.904662,24.0
Varicose_vein,0.722137619371,0.555871,33.0
Granuloma,0.722130680172,nan,9.0
Postmenopausal_haemorrhage,0.721670690048,nan,8.0
Adrenal_disorder,0.721449601747,nan,6.0
Aphonia,0.720737913486,nan,5.0
Electrolyte_imbalance,0.720227296383,0.683175,45.0
Alanine_aminotransferase_decreased,0.719647055409,nan,2.0
Lymphocyte_count_increased,0.719632542885,nan,2.0
Intestinal_haemorrhage,0.719494340282,nan,3.0
Sick_sinus_syndrome,0.719441763427,nan,8.0
Pressure_of_speech,0.718961338635,nan,3.0
Lymphangitis,0.718692680768,nan,8.0
Rash_macular,0.718186488876,0.701469,11.0
Myelitis_transverse,0.717900344293,nan,4.0
Mammogram_abnormal,0.717753170987,nan,2.0
Biliary_tract_disorder,0.717753170987,nan,2.0
Spinal_cord_disorder,0.717669682269,nan,4.0
Oral_disorder,0.717215955789,0.54543,13.0
Small_intestinal_obstruction,0.716164967033,nan,5.0
Helicobacter_infection,0.715859286564,nan,2.0
Pneumonia_aspiration,0.714616313721,0.657035,11.0
Pericarditis_constrictive,0.714437059182,nan,3.0
Vascular_occlusion,0.714415290396,nan,2.0
Hyporeflexia,0.714178820009,0.62143,33.0
Brain_hypoxia,0.714001683453,nan,2.0
Renal_failure_chronic,0.713642094636,0.468844,12.0
Energy_increased,0.712893100298,nan,6.0
Extravasation,0.712844098316,0.799553,70.0
Urogenital_disorder,0.712257249666,nan,10.0
Punctate_keratitis,0.712150599555,nan,10.0
Motion_sickness,0.71203758074,nan,7.0
Pustular_psoriasis,0.711575302093,nan,10.0
Atrioventricular_block_first_degree,0.710986930438,0.616356,20.0
Faecalith,0.709861121626,0.477879,18.0
Blood_glucose_abnormal,0.709358565331,nan,4.0
Vascular_anomaly,0.707682110003,nan,7.0
Drug_hypersensitivity,0.707093125062,0.359816,16.0
Peroneal_nerve_palsy,0.706889892311,nan,9.0
Cranial_nerve_paralysis,0.706659494827,nan,6.0
Telangiectasia,0.70547046627,0.8445,20.0
Hypercapnia,0.704945868284,nan,4.0
Tongue_ulceration,0.704186967013,nan,9.0
Electrocardiogram_change,0.702419838557,0.57109,26.0
Hydronephrosis,0.70201155141,0.698224,23.0
Tooth_impacted,0.702000908082,0.505159,24.0
Varicella,0.701845279365,0.514865,16.0
Oesophagitis_ulcerative,0.701529638557,0.92532,26.0
Duodenal_ulcer_haemorrhage,0.701520912548,nan,2.0
Colon_cancer,0.70100887498,nan,7.0
Suicidal_behaviour,0.700878886257,nan,4.0
Quadriplegia,0.700812342611,nan,9.0
Oestrogenic_effect,0.700599367254,nan,2.0
Methaemoglobinaemia,0.700440307417,0.585314,15.0
Ichthyosis,0.700184767142,0.776738,21.0
Nail-patella_syndrome,0.699427480916,nan,3.0
Benign_intracranial_hypertension,0.699130149055,0.853533,39.0
Tendinous_contracture,0.699105352611,nan,7.0
Psychomotor_retardation,0.698595146871,nan,5.0
Lactic_acidosis,0.697700077451,0.476054,11.0
Swollen_tongue,0.697556390711,0.473116,16.0
Nasal_discomfort,0.697398066396,0.774592,19.0
Nasal_ulcer,0.697207154765,0.908397,14.0
Arrhythmia_supraventricular,0.696600748562,0.582906,21.0
Vulvovaginal_disorder,0.695990904039,nan,4.0
Polymyositis,0.695610687023,nan,3.0
Menstruation_irregular,0.694215451228,0.838869,62.0
Breast_enlargement,0.69384044221,0.81627,53.0
Lichen_planus,0.693667723553,nan,10.0
Cardiomegaly,0.692950319899,0.829658,45.0
Retinal_degeneration,0.692873866814,nan,4.0
Hirsutism,0.692279188873,0.882682,79.0
Steatorrhoea,0.692015209125,nan,2.0
Autonomic_nervous_system_imbalance,0.691879604444,nan,7.0
Elderly,0.69130689168,0.569203,25.0
Nodal_rhythm,0.691237263399,nan,6.0
Central_obesity,0.690839694656,nan,3.0
Nephrosclerosis,0.690839694656,nan,3.0
Skin_striae,0.690608929352,0.948941,41.0
Lymphoedema,0.690564981481,0.621039,25.0
Chorioretinitis,0.689713444925,nan,3.0
Hepatitis_acute,0.68893129771,nan,4.0
Mucosal_inflammation,0.6888947694,0.86692,48.0
Ascites,0.688286246563,0.785647,49.0
Lenticular_opacities,0.688216426543,0.535819,18.0
Urine_flow_decreased,0.687178590679,nan,4.0
Osteonecrosis,0.687120470766,0.792867,44.0
Skin_cancer,0.686624974308,0.625588,36.0
Complex_regional_pain_syndrome,0.686311787072,nan,2.0
Abnormal_labour,0.685504469987,nan,5.0
Cauda_equina_syndrome,0.685504469987,nan,5.0
Pericardial_effusion,0.685454161579,0.791205,41.0
Eyelid_disorder,0.685272260331,nan,5.0
Pancreatitis_haemorrhagic,0.684878052649,0.475192,14.0
Serositis,0.684055089542,nan,4.0
Retinal_pigmentation,0.683692276435,nan,2.0
High_density_lipoprotein_decreased,0.683012820513,nan,7.0
Amyotrophic_lateral_sclerosis,0.682167154699,nan,4.0
Ketosis,0.68209600477,nan,10.0
Anaemia_megaloblastic,0.681579452081,0.554468,15.0
Joint_effusion,0.681549260345,nan,4.0
Withdrawal_bleed,0.681479116478,nan,2.0
Xanthoma,0.681370272545,nan,2.0
Second_primary_malignancy,0.68125359634,0.836513,24.0
Acute_psychosis,0.68079614406,nan,9.0
Drug_withdrawal_syndrome,0.678927828928,0.512424,12.0
Sluggishness,0.678778462843,nan,9.0
Nasal_septum_perforation,0.678650506666,0.873243,15.0
Infertility_female,0.678548448422,nan,4.0
Tension_headache,0.678341420597,nan,8.0
Hypoproteinaemia,0.677666475403,0.673574,32.0
Fluid_retention,0.677160168284,0.78288,66.0
Osteopenia,0.676926376926,0.391621,12.0
Paraplegia,0.676921279256,0.785591,20.0
Systolic_hypertension,0.676682727194,nan,2.0
Defaecation_urgency,0.676526717557,nan,3.0
Osteomalacia,0.676182947546,nan,7.0
Basal_cell_carcinoma,0.676111967177,0.426488,21.0
Cataract_subcapsular,0.675765345448,0.925682,36.0
Faecal_incontinence,0.675728466722,0.670771,41.0
Obliterative_bronchiolitis,0.674744941986,nan,10.0
Anaemia_macrocytic,0.673885952894,nan,7.0
Tic,0.673810359451,nan,6.0
Acute_yellow_liver_atrophy,0.673736684759,nan,2.0
Diabetes_insipidus,0.673692192377,0.627501,11.0
Encephalitis,0.672981191493,nan,10.0
Neutropenic_sepsis,0.671447028424,nan,10.0
Gastric_polyps,0.671083614295,nan,5.0
Amyloidosis,0.670739848489,nan,3.0
Pulmonary_congestion,0.670098339736,0.589168,31.0
Clonic_convulsion,0.669324529847,nan,4.0
Injection_site_infection,0.669247027744,nan,10.0
Squamous_cell_carcinoma,0.668736074776,0.424372,20.0
Cerebral_arteriosclerosis,0.668708095086,nan,2.0
Eye_inflammation,0.66858492613,nan,9.0
Metabolic_disorder,0.668308066786,nan,7.0
Calcinosis,0.667648810776,0.808091,15.0
Cardiomyopathy,0.667424116542,0.778035,54.0
Dermatitis_diaper,0.666984732824,nan,4.0
Hepatitis_chronic_active,0.66675262796,nan,10.0
Stupor,0.666743533033,0.777492,59.0
Upper_gastrointestinal_haemorrhage,0.666732473458,nan,5.0
Ileus_paralytic,0.665177046518,0.854463,34.0
Optic_atrophy,0.663523153901,0.651973,13.0
Wound_infection,0.663154120131,0.457147,14.0
Coma_hepatic,0.662411009755,0.686196,11.0
Tachycardia_foetal,0.661582445651,nan,2.0
Hypopnoea,0.661259541985,nan,3.0
Pulmonary_toxicity,0.661254072981,0.77141,20.0
Endometrial_stromal_sarcoma,0.660783258302,nan,9.0
Bladder_pain,0.660448510592,0.476799,11.0
Subarachnoid_haemorrhage,0.660281432284,0.406018,13.0
Muscle_atrophy,0.660102960103,0.602179,14.0
Prothrombin_time_shortened,0.659909982657,nan,6.0
Respiratory_tract_infection_viral,0.659351145038,nan,3.0
Iridocyclitis,0.659333112144,0.838942,14.0
Bronchiolitis,0.659039108895,0.484195,11.0
Hypomania,0.658804319269,0.535803,15.0
Hypovitaminosis,0.658632551126,nan,6.0
Osteoporosis,0.658592168271,0.850289,80.0
Sticky_skin,0.658139340013,0.537867,18.0
Alkalosis,0.657242439689,0.788473,37.0
Lens_disorder,0.657026143791,0.69354,26.0
Vaginal_infection,0.656973017293,nan,10.0
Neoplasm_skin,0.656415533592,0.567978,23.0
Emotional_poverty,0.655893536122,nan,2.0
Arachnoiditis,0.655737954096,0.706334,20.0
Pharyngeal_oedema,0.655273797553,0.578438,13.0
Azoospermia,0.655030920342,0.669932,30.0
Dependence,0.654603270745,0.84112,17.0
Erosive_oesophagitis,0.653992395437,nan,2.0
Primary_hypothyroidism,0.653879923374,nan,3.0
Dizziness_postural,0.653878613624,0.400643,17.0
Lipoatrophy,0.653597381891,nan,6.0
Eschar,0.652860418541,nan,2.0
Diabetic_hyperosmolar_coma,0.652718921429,nan,3.0
Movement_disorder,0.652329161539,0.527619,15.0
Bradykinesia,0.652039197241,0.542019,14.0
Dermatitis_acneiform,0.651553250825,0.957548,34.0
Blindness_transient,0.651427407422,nan,8.0
Dermal_cyst,0.651396241376,nan,6.0
Porphyria,0.650372696721,0.543857,25.0
Seasonal_allergy,0.649989558583,0.648798,16.0
Polycythaemia,0.649955213219,0.689773,24.0
Leukoderma,0.649867554826,0.850695,44.0
Bruxism,0.649824396557,0.518814,14.0
Hemianopia,0.649366792431,nan,7.0
Personality_disorder,0.649290526467,0.663946,36.0
Eye_infection,0.649212239583,0.721663,29.0
Oral_herpes,0.648872835282,nan,6.0
Obstructive_airways_disorder,0.648633344489,0.451271,18.0
Speech_disorder,0.64847063877,0.823249,81.0
Regressive_behaviour,0.648218829517,nan,5.0
Nasal_oedema,0.648115088754,nan,5.0
Iron_deficiency,0.648075685576,0.415064,13.0
Bone_marrow_failure,0.647957261433,0.814863,97.0
Cachexia,0.64716026888,0.542892,25.0
Organising_pneumonia,0.647110713146,nan,8.0
Testicular_swelling,0.647104247104,nan,10.0
Pruritus_generalised,0.646893635266,0.516442,14.0
Ketoacidosis,0.646671726252,nan,10.0
Hypernatraemia,0.646455736713,0.806804,53.0
Sudden_cardiac_death,0.646009061376,nan,4.0
Superinfection,0.645408546187,0.803831,15.0
Oropharyngeal_candidiasis,0.644823686545,nan,6.0
Myelofibrosis,0.644791399422,nan,5.0
Myocarditis,0.644664553837,0.537633,21.0
Lymphoproliferative_disorder,0.644098315703,0.777625,19.0
Paresis,0.643744008095,0.739414,40.0
Skin_lesion,0.643541324576,0.507052,12.0
Anterior_spinal_artery_syndrome,0.643281179436,nan,3.0
Gastritis_haemorrhagic,0.643163633549,nan,4.0
Iron_deficiency_anaemia,0.643063805564,0.529857,13.0
Hypoprothrombinaemia,0.642864106539,nan,7.0
Herpes_simplex,0.64261205236,0.793317,109.0
Ocular_hyperaemia,0.642360871155,0.544758,16.0
Lupus_miliaris_disseminatus_faciei,0.642294587315,0.946706,23.0
Sinus_arrest,0.642247359652,0.603346,17.0
Neoplasm,0.642055297703,0.768188,127.0
Lacrimal_disorder,0.641661540354,0.434938,27.0
Hordeolum,0.641568684385,0.352703,11.0
Haemorrhagic_stroke,0.641521760487,nan,10.0
Stillbirth,0.640893402497,nan,8.0
Chronic_allograft_nephropathy,0.640451190859,nan,6.0
Cellulitis,0.640347796339,0.801936,87.0
Focal_segmental_glomerulosclerosis,0.639817495832,nan,6.0
Glomerulosclerosis,0.639807746678,nan,6.0
Necrosis_ischaemic,0.639620503071,nan,5.0
Lymphocele,0.639489136817,nan,7.0
Sulphaemoglobinaemia,0.639442477747,nan,3.0
Fasciitis,0.639201384717,nan,10.0
Neoplasm_malignant,0.638946429385,0.784123,112.0
Adrenal_insufficiency,0.63883563898,0.746086,29.0
Mucous_membrane_disorder,0.638823582116,0.736312,33.0
Pain_in_jaw,0.638540508654,0.687012,25.0
Post_transplant_lymphoproliferative_disorder,0.638525732893,nan,6.0
Dementia,0.6376515657,0.522352,27.0
Multiple_hereditary_exostosis,0.637557737462,nan,10.0
Microcytic_anaemia,0.637554542904,nan,4.0
Extradural_abscess,0.637548621127,nan,3.0
Parkinsonian_gait,0.637404580153,nan,3.0
Skin_necrosis,0.637221735373,0.66037,29.0
Mycobacterial_infection,0.637172962745,nan,7.0
Mental_disability,0.637114790185,nan,9.0
Acute_myeloid_leukaemia,0.637098227796,0.86328,16.0
Erythema_of_eyelid,0.636768447837,nan,5.0
Tearfulness,0.635908897403,nan,7.0
Hypoxia,0.635176369874,0.811818,73.0
Skin_irritation,0.635060543158,0.565345,33.0
Hepatic_artery_thrombosis,0.634716250865,nan,6.0
Retinitis_pigmentosa,0.63467404757,0.483026,28.0
Peripheral_motor_neuropathy,0.63457936274,nan,9.0
Deafness,0.634321336514,0.774147,88.0
Cushingoid,0.634243383,0.870991,39.0
Coombs_direct_test_positive,0.63407282892,0.983384,12.0
Myeloid_leukaemia,0.633868993158,0.508547,19.0
Xanthopsia,0.633709677605,0.841923,14.0
Haemorrhoids,0.633699957455,0.719241,53.0
Transplant_rejection,0.633638131892,nan,8.0
Gastrointestinal_tract_irritation,0.632774705324,0.467377,21.0
Disturbance_in_attention,0.631948699895,0.483648,23.0
Crocodile_tears_syndrome,0.631903851587,0.546225,17.0
Hypertrophy,0.631297491799,0.774005,144.0
Buccoglossal_syndrome,0.630624043364,nan,6.0
Scab,0.630603346018,0.473545,20.0
Chest_discomfort,0.630600058162,0.79907,64.0
Abscess,0.630013910975,0.756335,99.0
Dyslipidaemia,0.62927756654,nan,2.0
Deficiency_anaemia,0.629254455708,0.485867,15.0
Grand_mal_convulsion,0.629237644939,0.62213,38.0
Pigmentation_disorder,0.629037780585,0.781193,56.0
Antisocial_behaviour,0.628419109642,nan,6.0
Infertility,0.627951179809,0.448177,18.0
Priapism,0.627811343158,0.744289,38.0
Presyncope,0.627511625866,nan,4.0
Miliaria,0.627364348538,0.891661,34.0
Sepsis,0.627131670888,0.792624,117.0
Retinal_artery_occlusion,0.627020943433,nan,5.0
Arterial_spasm,0.626846246088,nan,6.0
Enuresis,0.626829699172,0.509116,17.0
Ear_congestion,0.626762062326,nan,3.0
Prostatic_adenoma,0.626505674397,nan,3.0
Ejaculation_failure,0.625820749113,0.655743,13.0
Plantar_fasciitis,0.625760434032,nan,4.0
Dermatitis_atopic,0.625721408458,0.602455,30.0
Herpes_virus_infection,0.625635011984,0.796064,134.0
Increased_tendency_to_bruise,0.625577701774,0.443706,12.0
Platelet_disorder,0.625567612065,nan,10.0
Endometriosis,0.625019215683,nan,9.0
Periodontitis,0.624786324786,0.612761,11.0
Hormone_level_abnormal,0.624654517471,nan,9.0
Syphilis,0.624531971091,nan,2.0
Wound_haemorrhage,0.624478826462,nan,6.0
Hernia,0.624319709944,0.798492,68.0
Rheumatoid_arthritis,0.623871661032,0.386705,20.0
Hypohidrosis,0.623628339695,nan,9.0
Lung_infection,0.623496496054,nan,10.0
Libido_increased,0.623165978531,0.821554,53.0
Malignant_melanoma,0.622934003405,0.59654,25.0
Vaginal_disorder,0.622838843255,nan,3.0
Blood_glucose_decreased,0.621724007741,0.497563,21.0
Myopathy,0.621611515402,0.806869,87.0
Pulmonary_fibrosis,0.621216235343,0.739711,53.0
Amenorrhoea,0.62102252482,0.807388,77.0
Neurosis,0.620861481203,0.676449,29.0
Osteoporotic_fracture,0.620858554827,0.44503,11.0
Ejaculation_disorder,0.620790582444,0.752944,36.0
Eye_irritation,0.620396573177,0.855516,79.0
Blood_glucose_increased,0.620273135033,0.689648,35.0
Frequent_bowel_movements,0.61954927149,0.359515,11.0
Actinic_keratosis,0.619532406467,nan,2.0
Spinal_cord_infarction,0.619362336857,nan,5.0
Fluid_overload,0.619326618338,0.642104,33.0
Hepatosplenomegaly,0.619300108053,0.579502,11.0
Eosinophilic_myocarditis,0.619283274799,nan,3.0
Scleral_hyperaemia,0.619268762275,nan,3.0
Atrioventricular_block_second_degree,0.618967662674,0.745549,19.0
Leukoplakia,0.618738990018,nan,6.0
Oedema_genital,0.618352417303,nan,7.0
Oesophagitis,0.618278090412,0.777206,153.0
Hypopyon,0.618094909734,nan,5.0
Renal_tubular_necrosis,0.618058840658,0.54792,24.0
Herpes_zoster,0.617997449007,0.812743,78.0
Hepatic_fibrosis,0.61777222076,nan,4.0
Chorea,0.617762428069,0.510964,18.0
Hyperpathia,0.617754622239,nan,2.0
Breast_cancer_male,0.617666198707,nan,4.0
Schizophrenia,0.617574800386,nan,4.0
Drug_intolerance,0.61753079945,nan,4.0
Papule,0.617497507818,0.48659,11.0
Blindness,0.616984693126,0.73347,89.0
Hostility,0.616542573253,0.755235,41.0
Bone_disorder,0.616336054361,0.541402,42.0
Peripheral_sensory_neuropathy,0.615985216386,0.672575,19.0
Intermittent_claudication,0.615920737002,0.415766,17.0
Somnambulism,0.615662775847,0.50878,11.0
Ingrowing_nail,0.615577166813,nan,4.0
Enteritis,0.614594908296,0.504621,27.0
Affective_disorder,0.614565527066,nan,9.0
Gastric_ulcer_haemorrhage,0.61425347575,nan,3.0
Hyposthenuria,0.614068441065,nan,2.0
Acute_pulmonary_oedema,0.613833859133,nan,6.0
Cataract_nuclear,0.613025201242,nan,5.0
Lichenoid_keratosis,0.612915871537,nan,7.0
Completed_suicide,0.612768817204,0.841833,63.0
Delusion,0.612237359496,0.83365,56.0
Hypochromic_anaemia,0.612049964361,0.601477,36.0
Mania,0.61202026068,0.81778,50.0
Injection_site_bruising,0.611993150089,nan,2.0
Cataract_cortical,0.61175777412,nan,5.0
Bladder_disorder,0.611749680715,nan,5.0
Pathological_fracture,0.611419560287,0.807737,48.0
Hyperuricaemia,0.611257272227,0.798165,108.0
Gravitational_oedema,0.610531877069,0.585569,18.0
Tooth_disorder,0.61046049415,0.76986,80.0
Septic_shock,0.610323235323,0.672001,13.0
Aphasia,0.610123054012,0.823969,50.0
Diabetes_mellitus,0.60999432858,0.780693,138.0
Skin_wrinkling,0.609903346588,nan,2.0
Conduction_disorder,0.609655712954,0.483719,17.0
Transfusion_reaction,0.609467970859,nan,4.0
Deep_vein_thrombosis,0.609398008343,0.742362,93.0
Bipolar_disorder,0.60936090624,nan,5.0
Abdominal_tenderness,0.609147260674,nan,9.0
Status_epilepticus,0.609103884104,0.617333,12.0
Acne,0.609001868418,0.738401,162.0
Corneal_deposits,0.608886083886,0.540287,12.0
Cogwheel_rigidity,0.608525444671,0.424206,13.0
Skin_atrophy,0.608358932961,0.964292,36.0
Becker's_muscular_dystrophy,0.607697442893,nan,3.0
Alopecia,0.607617224982,0.744294,314.0
Melanosis,0.607447480071,nan,5.0
Hyperphosphataemia,0.607413120588,0.736761,29.0
Psychiatric_symptom,0.607318580738,nan,9.0
Electrocardiogram_abnormal,0.606148600537,0.747632,54.0
Ear_discomfort,0.606009374979,nan,5.0
Peptic_ulcer,0.605887330674,0.81859,71.0
Blood_urea_increased,0.605057208532,0.844152,97.0
Lip_blister,0.604978763339,nan,3.0
Lobar_pneumonia,0.604537340725,nan,3.0
Lymphoma,0.604414862101,0.742998,42.0
Red_blood_cell_sedimentation_rate_increased,0.604372578409,0.543839,22.0
Impaired_healing,0.604259614045,0.86208,54.0
Sneezing,0.604081435022,0.73954,51.0
Euphoric_mood,0.603709813179,0.811843,111.0
Neuroleptic_malignant_syndrome,0.60342972985,0.834081,42.0
Breast_engorgement,0.603361019969,0.437322,12.0
Gingivitis,0.603322574087,0.82793,75.0
Heart_rate_irregular,0.603245983173,0.412931,12.0
Nail_disorder,0.60302384646,0.872075,65.0
Aphthous_stomatitis,0.602464431742,0.588828,38.0
Dystonia,0.602004212122,0.813481,71.0
Palpitations,0.601553647583,0.759182,291.0
Disseminated_intravascular_coagulation,0.601293950117,0.651034,37.0
Hepatic_pain,0.601217600789,nan,4.0
Hyperprolactinaemia,0.601199438481,0.497919,17.0
Sinus_tachycardia,0.601114888385,0.754896,29.0
Atrioventricular_block_complete,0.600965024929,0.767858,18.0
Venoocclusive_disease,0.600760456274,nan,2.0
Papilloedema,0.600649598672,0.804498,42.0
Necrosis,0.600591272829,0.755468,190.0
Acute_respiratory_distress_syndrome,0.60058432782,0.673929,27.0
Sensation_of_foreign_body,0.599780045617,0.683326,30.0
Flank_pain,0.599482351306,0.484732,22.0
Epididymitis,0.599175191867,0.503489,24.0
Injection_site_phlebitis,0.599064909684,nan,4.0
Muscle_necrosis,0.598859315589,nan,2.0
Meningism,0.598349619333,0.627661,11.0
Gastric_haemorrhage,0.598339719029,nan,6.0
Hydrocephalus,0.598243341134,0.469934,11.0
Disability,0.598241262609,nan,10.0
Pneumonia,0.597507810285,0.728284,228.0
Cardiac_death,0.597377400799,nan,5.0
Strabismus,0.596460146326,0.392372,14.0
Hypercalciuria,0.596443104331,nan,6.0
Sinus_bradycardia,0.59624969475,0.707134,39.0
Scrotal_oedema,0.595972858485,0.422678,16.0
Nodal_arrhythmia,0.595950895951,0.557815,12.0
Hypokinesia,0.59593143678,0.774326,63.0
Hepatic_steatosis,0.595661906608,0.598648,30.0
Amnesia,0.595558847354,0.760916,133.0
Salivary_gland_enlargement,0.595207249785,0.468869,20.0
Autonomic_neuropathy,0.595119487953,0.615915,24.0
Systemic_lupus_erythematosus,0.594534134345,0.869048,78.0
Neoplasm_prostate,0.59452298074,nan,5.0
Cholecystitis_acute,0.594465648855,nan,3.0
Rash_erythematous,0.594054450563,0.74739,58.0
Bronchioloalveolar_carcinoma,0.594019388732,nan,2.0
Cytomegalovirus_infection,0.593502392447,0.414691,12.0
Interstitial_lung_disease,0.593365804639,0.779764,85.0
Ischaemia,0.593293501409,0.784338,120.0
Gastrointestinal_oedema,0.592867613887,nan,5.0
Renal_cyst,0.592665984206,nan,5.0
Nasal_dryness,0.592644424826,0.586772,22.0
Balanitis,0.592621356989,0.581017,12.0
Gynaecomastia,0.592233115897,0.808095,123.0
Metabolic_acidosis,0.591898873533,0.610793,30.0
Delirium,0.591861837029,0.764701,78.0
Tendonitis,0.591817702719,0.54795,35.0
Dysphonia,0.591348096329,0.80153,94.0
Hypermagnesaemia,0.59110259685,nan,8.0
Antidiuretic_hormone_abnormality,0.590876250278,nan,5.0
Sensitisation,0.590848726968,0.596572,29.0
Yawning,0.590674107143,0.740668,29.0
Multi-organ_failure,0.59054779527,0.549519,12.0
Photopsia,0.590075567507,0.348996,18.0
Uveitis,0.590025968469,0.502835,24.0
Cystitis_haemorrhagic,0.590016565114,0.479651,20.0
Tachycardia,0.589580864217,0.750568,385.0
Sleep_apnoea_syndrome,0.589495291363,0.620956,11.0
Rash_pustular,0.589328817673,0.76564,43.0
Puberty,0.589256862005,nan,4.0
Coma,0.589156831573,0.774905,121.0
Hepatic_enzyme_increased,0.588918052084,0.782585,97.0
Ischaemic_neuropathy,0.587935647723,nan,4.0
Facial_pain,0.587924100614,nan,5.0
Endocrine_disorder,0.58788825433,0.79027,44.0
Hypotonia,0.587692473734,0.806582,56.0
Pancreatic_disorder,0.587520750732,0.734962,32.0
Urticaria_physical,0.587452471483,nan,2.0
Diverticulum,0.587309764994,nan,4.0
Mental_disorder,0.587071788398,0.779506,140.0
Atelectasis,0.587053104869,0.59116,28.0
Feeling_cold,0.586516908964,0.689614,28.0
Onycholysis,0.586346173442,0.454873,21.0
Colour_blindness,0.58630847524,nan,5.0
Incontinence,0.586107519592,0.770696,143.0
Hangover,0.585986535987,0.646264,12.0
Tumour_lysis_syndrome,0.585885370378,0.742971,20.0
Multiple_congenital_abnormalities,0.585877862595,nan,2.0
Anaemia,0.585772343369,0.806591,417.0
Respiratory_paralysis,0.585648589926,nan,5.0
Sudden_death,0.585636915195,0.728681,37.0
Blepharitis,0.585126884796,0.746848,54.0
Jaundice_hepatocellular,0.58484747337,nan,2.0
Neurodermatitis,0.58478216701,nan,3.0
Major_depression,0.58463848244,0.4936,18.0
Fasting,0.584566312932,0.607269,29.0
Fontanelle_bulging,0.584247797754,nan,9.0
Weight_increased,0.584208341162,0.753821,223.0
Glucose_tolerance_impaired,0.584074544534,0.813703,36.0
Contrast_media_reaction,0.584058959549,nan,4.0
Adenocarcinoma,0.583576786999,nan,6.0
Vaginal_neoplasm,0.583566743099,nan,3.0
Dermatitis_bullous,0.583233730914,0.797539,88.0
Red_blood_cell_abnormality,0.583182091164,nan,7.0
Iritis,0.583080957769,0.604912,27.0
Urinary_tract_infection,0.582941648649,0.769366,214.0
Bone_pain,0.58286256651,0.779998,99.0
Perirectal_abscess,0.582852001277,nan,3.0
Cyst,0.582791141139,0.803075,74.0
Hyperlipidaemia,0.582325320125,0.815643,67.0
Pancreatitis_acute,0.582101405583,0.478856,31.0
Immunosuppression,0.581882183176,0.868188,34.0
Back_pain,0.581856388872,0.737344,287.0
Haemoglobin_decreased,0.581585915621,0.830613,50.0
Pancreatitis,0.581425762958,0.759527,240.0
Epidermolysis_bullosa,0.581355473663,nan,4.0
Diabetic_ketoacidosis,0.581304095808,nan,8.0
Skin_disorder,0.581018712085,0.80002,120.0
Mediastinal_disorder,0.580821544823,0.781047,114.0
Oedema_mouth,0.580741420587,nan,4.0
Haemochromatosis,0.58074042899,nan,2.0
Breast_feeding,0.580710463444,0.759616,49.0
Pulmonary_oedema,0.580487164263,0.767799,131.0
Pain_of_skin,0.58043193503,nan,9.0
Neutropenia,0.58035356314,0.843134,226.0
Nervousness,0.580316949487,0.769565,272.0
Skin_hypertrophy,0.579928863078,0.70143,39.0
Dry_throat,0.579848525879,0.456176,33.0
Urinary_tract_obstruction,0.579847908745,nan,2.0
Abnormal_behaviour,0.579743109731,nan,9.0
Lymphocytic_leukaemia,0.579690996181,nan,8.0
Infection_susceptibility_increased,0.579638566382,0.527007,13.0
Polyarteritis_nodosa,0.579609890708,nan,10.0
Jaundice,0.579200389821,0.726555,267.0
Pyuria,0.579168956492,0.75165,42.0
Breast_disorder,0.578644836522,0.798989,68.0
Folliculitis,0.578595315687,0.851327,68.0
Glaucoma,0.578494911466,0.83354,85.0
Weight_decreased,0.578408507649,0.770119,180.0
Acidosis,0.578395425381,0.80588,80.0
Rosacea,0.578384565885,0.435272,12.0
Cataract,0.578287443733,0.826545,132.0
Suicide_attempt,0.57804098537,0.489225,36.0
Tongue_disorder,0.577902701127,0.548793,25.0
Eczema_herpeticum,0.577752603399,nan,7.0
Otitis_externa,0.577586318112,0.538811,28.0
Thrombophlebitis,0.577281407162,0.820605,156.0
Abnormal_sensation_in_eye,0.577116285162,nan,10.0
Red_blood_cell_count_decreased,0.57669227507,nan,9.0
Hepatic_neoplasm,0.576335877863,nan,4.0
Pruritus_genital,0.576209161384,0.557237,26.0
Neurological_symptom,0.576014927799,0.607048,13.0
Hyperventilation,0.575975789183,0.842202,65.0
Cerumen_impaction,0.575902920887,nan,4.0
Paranoia,0.575818198867,0.813306,57.0
Breast_abscess,0.575779759043,nan,3.0
Eye_disorder,0.575509217359,0.755237,123.0
Micturition_urgency,0.575413605694,0.704278,49.0
Apnoea,0.575143539182,0.815921,78.0
Skin_ulcer,0.575139856938,0.808078,81.0
Conjunctivitis,0.575082632444,0.741467,226.0
Pemphigus,0.574950108291,0.493156,16.0
Uterine_disorder,0.574766790471,0.490744,12.0
Breast_pain,0.574537651335,0.783613,75.0
Shock_hypoglycaemic,0.574524499829,nan,5.0
Cholestasis,0.573916233582,0.806254,72.0
Coronary_artery_thrombosis,0.573872269706,nan,9.0
Ageusia,0.573833153474,0.812992,76.0
Diplopia,0.573719111321,0.798673,139.0
Flatulence,0.573563373265,0.759648,267.0
Hypertension,0.573533388019,0.744634,362.0
Bacteraemia,0.573502590667,nan,8.0
Leukocytosis,0.573413891345,0.791207,98.0
Eye_pruritus,0.573035919102,0.527132,28.0
Migraine,0.572684590544,0.760115,148.0
Leukopenia,0.572684195176,0.790648,357.0
Conjunctival_haemorrhage,0.572622149384,0.584508,25.0
Sinus_headache,0.572570197988,0.480811,27.0
Oedema_mucosal,0.572243346008,nan,2.0
Retinal_haemorrhage,0.572182059879,0.689832,19.0
Uterine_enlargement,0.572159898993,nan,3.0
Skin_hyperpigmentation,0.571751016404,0.844064,52.0
Hyperbilirubinaemia,0.571674062018,0.791732,90.0
Lipids_abnormal,0.571564885496,nan,3.0
Bradyphrenia,0.570993792857,nan,5.0
Melanocytic_naevus,0.570470468843,nan,9.0
Epidermodysplasia_verruciformis,0.569986648478,nan,2.0
Gastrointestinal_disorder,0.569838146304,0.735356,253.0
Genital_disorder_female,0.569783453404,nan,7.0
Periorbital_oedema,0.569752713317,0.671202,27.0
Eczema,0.569748477576,0.781505,145.0
Dyskinesia,0.569463552364,0.854022,73.0
Libido_decreased,0.569350345421,0.786685,136.0
Corneal_opacity,0.569091126119,0.530695,17.0
Haemoptysis,0.569074746798,0.796333,73.0
Glomerulonephropathy,0.569007053087,nan,2.0
Otitis_media,0.568999336712,0.815928,94.0
Rash_papular,0.568893825997,0.556411,30.0
Salpingitis,0.568732828021,0.427578,13.0
Genital_discharge,0.568702290076,nan,3.0
Lymphocytosis,0.568446585155,0.698994,25.0
Ileus,0.568405119812,0.811111,88.0
Laryngeal_oedema,0.568184554321,0.809269,55.0
Infestation,0.568092597401,0.803111,110.0
Failure_to_thrive,0.567120424927,nan,2.0
Mood_swings,0.566990376561,0.766886,149.0
Drug_interaction,0.566815761053,0.815933,77.0
Essential_hypertension,0.56679389313,nan,3.0
Spine_malformation,0.566491363528,nan,4.0
Pseudomembranous_colitis,0.566427621492,0.939515,48.0
Myocardial_ischaemia,0.566234054055,0.79591,72.0
Throat_irritation,0.566102864987,0.627542,36.0
Injection_site_reaction,0.566092015206,0.770605,81.0
Acute_febrile_neutrophilic_dermatosis,0.566056077888,nan,8.0
Lung_neoplasm_malignant,0.565986645627,0.292067,20.0
Encephalopathy,0.565941417608,0.825645,67.0
Breast_tenderness,0.565807396604,0.706618,25.0
Sexual_dysfunction,0.565669578662,0.608202,40.0
Vision_blurred,0.565652389488,0.805852,282.0
Asthma,0.565643068102,0.763285,176.0
Hyperkalaemia,0.565600647624,0.793829,94.0
Dry_mouth,0.565557596159,0.761118,333.0
Hyperacusis,0.565428503323,0.718974,28.0
Hepatic_haemorrhage,0.565197515456,nan,2.0
Duodenitis_haemorrhagic,0.565190259194,nan,2.0
Depersonalisation,0.564738274084,0.836543,59.0
Monocyte_count_increased,0.5647161834,nan,3.0
Peptic_ulcer_perforation,0.56463878327,nan,2.0
Atrophy,0.56428951453,0.84246,79.0
Productive_cough,0.564134168919,0.409802,11.0
Ear_infection,0.563628667159,0.835589,117.0
Local_reaction,0.563534755491,0.808875,46.0
Muscle_contractions_involuntary,0.563433483691,0.546427,34.0
Protrusion_tongue,0.563362836812,0.949984,22.0
Hypotension,0.563352374133,0.752057,387.0
Akinesia,0.563342291546,0.421407,19.0
Pulseless_electrical_activity,0.563076351558,nan,3.0
Injection_site_hypersensitivity,0.562977099237,nan,3.0
Nephropathy,0.562793578453,0.883726,63.0
Antinuclear_antibody_positive,0.562637260731,0.575453,27.0
Sleep_talking,0.56257316731,nan,4.0
Transient_ischaemic_attack,0.562554619044,0.748581,44.0
Hypomenorrhoea,0.562523763564,nan,7.0
Feeling_abnormal,0.562303125385,0.56939,23.0
Haemangioma,0.562170524226,nan,9.0
Blister,0.562159264602,0.739403,65.0
Saliva_altered,0.562022900763,nan,3.0
Scotoma,0.561955025199,0.816056,71.0
Tooth_abscess,0.561679234257,0.676804,42.0
Optic_neuritis,0.561659355101,0.746235,54.0
Anxiety,0.561425581058,0.703699,339.0
Nodule,0.561413401765,0.643059,45.0
Listeriosis,0.561395234087,nan,2.0
Akathisia,0.561316223707,0.85907,45.0
Intestinal_perforation,0.561240680894,0.456141,21.0
Sinusitis,0.560892492784,0.738993,237.0
Nystagmus,0.560771421701,0.847001,63.0
Breast_discomfort,0.560456757515,nan,4.0
Bleeding_time_prolonged,0.560397026539,0.600224,26.0
Dysarthria,0.560382764677,0.776662,81.0
Nocturia,0.560250769752,0.790115,110.0
Oesophageal_disorder,0.560173258616,0.795106,62.0
Abdominal_distension,0.560152326596,0.751606,184.0
Dysplasia,0.559781949437,nan,10.0
Mydriasis,0.559654392187,0.839575,76.0
Hepatomegaly,0.559461837247,0.839664,69.0
Urinary_incontinence,0.559435006071,0.790224,118.0
Rales,0.559370961976,0.624155,23.0
Neutrophilic_dermatosis,0.559165217562,nan,8.0
Mastitis,0.558936483408,0.373078,23.0
Angina_pectoris,0.558798678755,0.762301,188.0
Bronchitis,0.558725089781,0.753287,203.0
Wheezing,0.558598224308,0.84308,82.0
Ataxia,0.558219564243,0.818044,162.0
Cardiac_murmur,0.558083599133,0.570182,18.0
Dyspnoea,0.557993719186,0.742346,424.0
Amylase_increased,0.557978810597,0.542041,29.0
Cardiac_failure_congestive,0.557917129779,0.813829,171.0
Hair_texture_abnormal,0.557667934094,nan,6.0
Cardiac_amyloidosis,0.55756392767,nan,2.0
Retinitis,0.5572706504,nan,10.0
Cyanosis,0.557220988943,0.721712,50.0
Obstruction,0.556899082022,0.770919,103.0
Increased_appetite,0.556443687973,0.770969,160.0
Apraxia,0.556440205822,nan,9.0
Petechiae,0.556394785181,0.822639,86.0
Injection_site_pain,0.556366199343,0.810534,72.0
Piloerection,0.556289554381,nan,7.0
Hypophosphataemia,0.55612800424,0.831567,52.0
Pallor,0.556033020443,0.797927,73.0
Hepatobiliary_disease,0.55592801371,0.776839,83.0
Parity,0.555891088948,nan,7.0
Gout,0.555863829253,0.806592,99.0
Oliguria,0.555613261548,0.782218,97.0
Candida_infection,0.555557964826,0.812476,140.0
Inappropriate_antidiuretic_hormone_secretion,0.555488038133,0.793544,49.0
Dysphoria,0.555451251647,0.578511,18.0
Cardiac_arrest,0.555274830705,0.75649,160.0
Urine_abnormality,0.555232879377,0.74759,51.0
Pruritus,0.555230446071,0.726791,543.0
Pelvic_pain,0.555229585978,0.817519,64.0
Menorrhagia,0.554890881197,0.77319,85.0
Oculogyric_crisis,0.55468339857,0.776295,26.0
Soft_tissue_disorder,0.554659622697,nan,5.0
Skin_fragility,0.554473399433,nan,4.0
Opisthotonus,0.554257802267,0.487692,14.0
Prothrombin_level_increased,0.55419448437,0.63971,29.0
Leiomyoma,0.554114446696,0.333223,15.0
Renal_tubular_disorder,0.554091237839,0.76948,45.0
Tetany,0.554084730554,0.425434,20.0
Salmonellosis,0.554049477284,nan,7.0
Alveolitis,0.553978527957,0.498553,16.0
Gastric_ulcer,0.553961575121,0.811298,55.0
Anorectal_disorder,0.553903421749,0.818691,61.0
Gait_disturbance,0.553836081815,0.837978,90.0
Thrombocytopenia,0.553793483528,0.806264,409.0
Lymphopenia,0.553755655498,0.788057,41.0
Post_herpetic_neuralgia,0.553754390039,nan,2.0
Bladder_spasm,0.553694423235,0.819444,11.0
Rectal_tenesmus,0.553540816479,0.664938,29.0
Torsade_de_pointes,0.553465675399,0.795548,51.0
Liver_function_test_abnormal,0.553094142576,0.786447,153.0
Hypertrichosis,0.553050162827,0.880906,46.0
Thrombotic_thrombocytopenic_purpura,0.552940290902,0.616519,25.0
Dyspnoea_exertional,0.552899759125,0.449393,12.0
Infection,0.552667783557,0.763142,371.0
Intracranial_pressure_increased,0.552517074548,0.768294,51.0
Constipation,0.552394688527,0.784975,415.0
Transaminases_increased,0.552342727247,0.793659,52.0
Pneumatosis,0.552201549938,nan,3.0
Duodenal_ulcer,0.552056737142,0.62475,39.0
Nephropathy_toxic,0.552041257087,0.906982,52.0
Gastritis,0.552022047636,0.776012,164.0
Leukaemia,0.551972245313,0.683816,39.0
Autoimmune_disorder,0.551732311652,nan,3.0
Clonus,0.551526717557,nan,5.0
Serum_sickness,0.55136843812,0.720229,48.0
Cutaneous_vasculitis,0.551209169814,0.734836,15.0
Fibrosis,0.551154788757,0.761992,70.0
Seborrhoeic_dermatitis,0.550921385558,0.816457,58.0
Rhinitis,0.550752580653,0.729202,233.0
Cervical_dysplasia,0.55071495889,nan,5.0
Albright's_disease,0.550680153639,nan,4.0
Hyperhidrosis,0.550590732899,0.74496,393.0
Chills,0.550550672682,0.755439,267.0
Phobia,0.550456836335,nan,8.0
Breast_cancer,0.550402817025,0.773092,35.0
Breath_odour,0.550236925517,0.570163,27.0
Hyperchlorhydria,0.550035068833,nan,9.0
Atopy,0.549934191596,0.619397,15.0
Hypocalcaemia,0.549869867121,0.787723,76.0
Urinary_tract_disorder,0.549827585168,0.778275,123.0
Haemorrhage_intracranial,0.549754203676,0.37952,21.0
Protein_total_decreased,0.549618320611,nan,3.0
Peripheral_ischaemia,0.549445267111,0.489735,25.0
Somnolence,0.549091744526,0.791027,420.0
Decreased_appetite,0.549033881149,0.761394,420.0
Mouth_ulceration,0.548999886717,0.793479,126.0
Alveolitis_allergic,0.548936816596,0.555274,15.0
Thirst,0.548809704778,0.798018,125.0
Arthropathy,0.548796728508,0.779674,110.0
Vasculitis_necrotising,0.548624116912,0.749035,17.0
Prostate_cancer,0.548545096821,nan,10.0
Pharyngeal_disorder,0.548447365632,nan,5.0
Jaundice_cholestatic,0.548337811182,0.764539,96.0
Inflammation,0.548262426981,0.810446,116.0
Nephrotic_syndrome,0.547945041198,0.734449,48.0
Evans_syndrome,0.547939705299,nan,3.0
Cervicitis,0.547927611529,nan,4.0
Abdominal_mass,0.547750138925,nan,4.0
Large_intestinal_obstruction,0.547709923664,nan,3.0
Tongue_paralysis,0.547663967337,nan,4.0
Hypovolaemia,0.547561298789,0.538443,19.0
Conjunctival_follicles,0.54752851711,nan,2.0
Psoriasis,0.547453706028,0.832762,61.0
Respiratory_depression,0.547307649896,0.639802,50.0
Congenital_anomaly,0.547229420586,0.581719,27.0
Neuralgia,0.547149647678,0.779044,77.0
Dry_skin,0.547044808959,0.780826,166.0
Neurogenic_bladder,0.547028344721,nan,4.0
Mantle_cell_lymphoma,0.546889966041,nan,2.0
Drug_level_increased,0.546735008238,nan,7.0
Angioedema,0.546452534353,0.764609,287.0
Ulcerative_keratitis,0.546440131083,0.758562,21.0
Dermatitis_contact,0.546214501162,0.802713,120.0
Ear_pain,0.546153903539,0.796373,137.0
Oral_pain,0.54613252404,0.569968,14.0
Cystitis,0.545947274686,0.733929,131.0
Dysuria,0.545931880836,0.77409,199.0
Arthritis,0.5458208572,0.783336,146.0
Skin_discolouration,0.545759992289,0.817003,86.0
Aggression,0.545759523323,0.824192,87.0
Tongue_oedema,0.545697681546,0.685296,43.0
Venous_thrombosis,0.545659124267,0.742252,89.0
Salivary_hypersecretion,0.545640455403,0.821717,104.0
Throat_tightness,0.545554888204,0.799435,37.0
Autoimmune_thrombocytopenia,0.545385501021,nan,3.0
Abdominal_pain,0.545208780923,0.745078,478.0
Flushing,0.544888427281,0.726549,260.0
Haemolysis,0.544780362702,0.561722,32.0
Hypopituitarism,0.544753084875,nan,5.0
Chest_pain,0.544620254896,0.719894,329.0
Hepatitis,0.544597193538,0.748527,283.0
Endocarditis,0.544512169558,nan,6.0
Neuropathy_peripheral,0.54440298452,0.771286,230.0
Ovarian_cyst,0.544105791321,0.688646,20.0
Breast_neoplasm,0.544084723264,0.455577,36.0
Fungal_skin_infection,0.543660660108,0.753684,47.0
Confusional_state,0.543594134928,0.759663,352.0
Impetigo,0.543579956939,nan,9.0
Benign_neoplasm,0.543567247285,nan,10.0
Leukoencephalopathy,0.543446129128,0.872188,26.0
Renal_colic,0.543362203954,nan,9.0
Application_site_reaction,0.543318169422,0.493093,35.0
Glycosuria,0.543256413551,0.827747,105.0
Pulmonary_embolism,0.542805099808,0.718263,112.0
Loss_of_consciousness,0.542622397006,0.741274,53.0
Respiratory_alkalosis,0.542546217386,nan,4.0
Dysmenorrhoea,0.542492922869,0.739676,96.0
Dental_caries,0.542423481609,0.463272,32.0
Lymphadenopathy,0.542406749564,0.754827,143.0
Alanine_aminotransferase_increased,0.542397541556,0.770707,132.0
Penis_disorder,0.542390512158,0.605357,15.0
Thrombosis,0.542263862656,0.727278,144.0
Cardiac_flutter,0.542206887488,0.59047,36.0
Drug_abuse,0.542130183021,0.655084,30.0
Aura,0.542112690474,nan,4.0
Endometritis,0.541917088027,nan,5.0
Night_blindness,0.541881276672,nan,9.0
Hallucination,0.541676045874,0.762019,214.0
Acquired_haemophilia,0.541578382144,nan,3.0
Macular_degeneration,0.541298534148,nan,9.0
Diverticulitis,0.541276430492,0.69217,22.0
Death,0.541112388985,0.752809,194.0
Radiculopathy,0.541034190284,nan,5.0
Dermatitis_exfoliative,0.541031668938,0.779203,154.0
Nausea,0.541027314412,0.810474,660.0
Psychotic_disorder,0.54098833381,0.766708,130.0
Urinary_retention,0.540958778035,0.798327,164.0
Hypersexuality,0.540646119909,nan,6.0
Embolism,0.54064101161,0.752931,143.0
Keratitis,0.540368888607,0.797628,71.0
Oesophageal_achalasia,0.540183809118,nan,9.0
Vascular_insufficiency,0.540077219653,nan,6.0
Respiratory_arrest,0.54005838305,0.686591,28.0
Chronic_lymphocytic_leukaemia,0.539977370841,nan,4.0
Effusion,0.539932846701,0.829935,95.0
Polyneuropathy,0.539799008226,0.51245,21.0
Eructation,0.539715089985,0.775578,106.0
Sedation,0.539663135173,0.856661,67.0
Rhinorrhoea,0.539370549555,0.86514,60.0
Abnormal_dreams,0.539112328841,0.812029,86.0
Gastrointestinal_motility_disorder,0.539045946652,nan,2.0
Virilism,0.538924758733,nan,5.0
Myalgia,0.538822527632,0.759008,355.0
Dermatitis,0.538279377877,0.735792,313.0
Pseudoporphyria,0.538222675898,nan,7.0
Renal_pain,0.538221525656,0.785369,50.0
Syncope,0.538065285499,0.726656,321.0
Proctitis,0.538025882489,0.61689,21.0
Bradycardia,0.537914194304,0.755597,229.0
Ear_disorder,0.537867432828,0.672206,42.0
Skin_exfoliation,0.537616994721,0.768464,87.0
Benign_neoplasm_of_skin,0.537372198639,0.488306,13.0
Hypomagnesaemia,0.536960854003,0.726074,51.0
Supraventricular_extrasystoles,0.536954842703,0.460835,23.0
Shock,0.536919218739,0.781693,176.0
Hypercholesterolaemia,0.536853798947,0.765884,100.0
Orthostatic_hypotension,0.536669312668,0.778369,169.0
Condition_aggravated,0.536436367686,nan,9.0
Solar_dermatitis,0.536361129655,nan,2.0
Infarction,0.536341417081,0.748399,218.0
Body_temperature_increased,0.536305095448,0.741708,445.0
Paraesthesia_oral,0.536200502721,0.390199,30.0
Myoclonus,0.536013608518,0.786052,55.0
Bronchospasm,0.53598906114,0.778139,167.0
Stomatitis,0.535906333875,0.79096,220.0
Loss_of_libido,0.535784313725,0.657483,23.0
Rash_generalised,0.535454066709,0.701657,31.0
Neutrophil_count_decreased,0.535398536735,0.700883,11.0
Ecchymosis,0.535376633314,0.769206,143.0
Ulcer_haemorrhage,0.535278127122,nan,6.0
Ventricular_tachycardia,0.535268531172,0.850097,87.0
Muscle_twitching,0.535180384408,0.804797,91.0
Galactorrhoea,0.535173374918,0.823012,51.0
Cardiac_disorder,0.535117399521,0.755613,131.0
Anaphylactoid_reaction,0.535086417338,0.700411,168.0
Retroperitoneal_haemorrhage,0.534961354661,nan,7.0
Oedema_peripheral,0.534820374321,0.749937,239.0
Toothache,0.534629790757,0.831217,54.0
Epilepsy,0.534451396745,0.490433,20.0
Maculopathy,0.534118944649,nan,3.0
Colitis_ischaemic,0.533970156927,0.603683,18.0
Idiopathic_thrombocytopenic_purpura,0.533884021384,nan,8.0
Coronary_artery_disease,0.533520003554,0.679575,45.0
Polyp,0.533472368457,0.70477,39.0
Vaginal_haemorrhage,0.533443487464,0.809248,72.0
Tremor,0.533068769562,0.724988,292.0
Change_of_bowel_habit,0.532925331228,nan,4.0
Arthralgia,0.532776465782,0.740763,352.0
Demyelinating_polyneuropathy,0.532544335762,nan,2.0
Pulse_absent,0.532544335762,nan,2.0
Dehydration,0.532400908243,0.785289,146.0
Hypothyroidism,0.532299544753,0.730942,58.0
Dysphagia,0.532221334446,0.776862,187.0
Hypersensitivity,0.532182625831,0.792398,504.0
Eye_oedema,0.531928480204,nan,5.0
Vaginal_inflammation,0.531888712822,0.830903,114.0
Insomnia,0.531828724686,0.758672,410.0
Supraventricular_tachycardia,0.531702469658,0.768661,61.0
Renal_function_test_abnormal,0.531668746795,nan,4.0
Vitreous_floaters,0.531663926177,0.677144,18.0
Breast_mass,0.531659056999,nan,7.0
Cerebrovascular_accident,0.531622580953,0.758238,146.0
Sleep_disorder,0.531527275884,0.772602,109.0
Metrorrhagia,0.531520251736,0.835406,80.0
Aspiration,0.531176035034,0.411993,27.0
Vasculitis,0.530901758471,0.788433,148.0
Hyponatraemia,0.530881724046,0.827872,132.0
Goitre,0.53086616032,0.647097,34.0
Oesophageal_ulcer,0.530707407287,0.697459,38.0
Erythema_multiforme,0.530546806395,0.773141,201.0
Duodenitis,0.53045669532,0.598478,24.0
Glossitis,0.530388982904,0.799889,112.0
Respiratory_failure,0.530367165533,0.794469,57.0
Erythropenia,0.530091719154,nan,4.0
Disease_progression,0.530041670411,0.493782,34.0
Anosmia,0.529967098839,0.480775,18.0
Oral_candidiasis,0.529902974529,0.848115,75.0
Thrombocytosis,0.529875760381,0.736283,46.0
Urine_output_increased,0.529610387097,nan,4.0
Myositis,0.529369086243,0.765087,48.0
Hypoglycaemic_coma,0.529315299103,nan,3.0
Cough,0.529232383417,0.765996,344.0
Corneal_degeneration,0.529041562869,nan,3.0
Myasthenic_syndrome,0.528904873752,nan,5.0
Myocardial_infarction,0.528765758496,0.756291,211.0
Pulmonary_haemorrhage,0.528746499309,0.492206,21.0
Muscular_weakness,0.528741083683,0.779416,186.0
Cholangitis,0.528672046298,0.480959,20.0
Eye_swelling,0.528487572453,nan,10.0
Pharyngitis,0.528217528189,0.737738,271.0
Choking_sensation,0.528005264697,nan,4.0
Nail_discolouration,0.527975288841,nan,8.0
Suicidal_ideation,0.527800947888,0.805219,40.0
Pain,0.52759473558,0.764127,590.0
Generalised_oedema,0.527413479053,0.68342,51.0
Joint_stiffness,0.527247459572,0.5466,23.0
Crystalluria,0.527149776997,0.635392,28.0
Toxic_epidermal_necrolysis,0.526888991726,0.800066,204.0
Prostatic_disorder,0.526768184983,0.731997,47.0
Pemphigoid,0.526654894097,0.39098,15.0
Neck_pain,0.526481614149,0.835583,94.0
Rash_maculo-papular,0.526351871539,0.745005,111.0
Tachypnoea,0.526286391693,0.463501,20.0
Urine_output,0.52623171925,0.572946,24.0
Idiopathic_pulmonary_fibrosis,0.526132607996,nan,6.0
Rhabdomyolysis,0.526075554491,0.825983,75.0
Platelet_count_decreased,0.52571483197,0.68702,43.0
Erythema_nodosum,0.525600753447,0.849137,39.0
Scar,0.525513799178,nan,5.0
Carpal_tunnel_syndrome,0.525383008195,0.652147,24.0
Hyperthermia,0.525221313866,0.447812,17.0
Apathy,0.525219425366,0.852088,62.0
Thrombocytopenic_purpura,0.525047128683,0.843551,61.0
Drug_dependence,0.524913951142,0.477491,18.0
Hyperthermia_malignant,0.524838185354,nan,2.0
Paralysis,0.524700736267,0.742337,107.0
Tracheitis,0.524568193091,nan,5.0
Dysphemia,0.524537808845,nan,6.0
Albuminuria,0.52444196685,0.780113,87.0
Pollakiuria,0.524420850122,0.802987,191.0
Coordination_abnormal,0.524349001826,0.845284,90.0
Pyelonephritis,0.524346509114,0.695611,37.0
Erectile_dysfunction,0.524317341817,0.750528,201.0
Uterine_haemorrhage,0.524114074672,0.567127,34.0
Enterocolitis,0.524078660115,0.777813,45.0
Genital_candidiasis,0.523910719631,0.578494,14.0
Agranulocytosis,0.523826319026,0.810201,212.0
Hypertriglyceridaemia,0.523702336119,0.670571,44.0
Hypoglycaemia,0.523629786515,0.775241,144.0
Prurigo,0.523275089308,0.477621,28.0
Rash_follicular,0.523204485273,nan,8.0
Blood_bilirubin_increased,0.523188795967,0.827362,64.0
Osteoarthropathy,0.522972972973,0.455577,14.0
Choroiditis,0.522958813456,nan,2.0
Agitation,0.522878813197,0.773128,242.0
Hypercalcaemia,0.522865067926,0.717121,51.0
External_ear_disorder,0.522813688213,nan,2.0
Breast_disorder_female,0.522670033375,nan,7.0
Hyperthyroidism,0.522621927161,0.502377,28.0
Face_oedema,0.522599028463,0.733269,171.0
Fibrocystic_breast_disease,0.52246400278,0.529321,11.0
Uterine_spasm,0.52239763881,nan,10.0
Atrioventricular_block,0.522324456307,0.825128,114.0
Globulins_increased,0.522269468551,nan,2.0
Vulvovaginal_candidiasis,0.522262109124,0.705669,49.0
Purpura,0.522070745117,0.750157,214.0
Vascular_pain,0.522015171933,nan,5.0
Tinnitus,0.521761853379,0.781798,261.0
Vulvovaginitis,0.521740613601,0.419776,14.0
Hyperphagia,0.521739761414,nan,2.0
Neuritis,0.521731505838,0.766603,92.0
Cerebrovascular_disorder,0.521350820314,0.377037,29.0
Tachyarrhythmia,0.521065267617,0.582961,11.0
Muscle_rigidity,0.52101517535,0.830237,72.0
Gingival_hyperplasia,0.521000070541,0.625396,28.0
Allergic_oedema,0.520912547529,nan,2.0
Urethral_haemorrhage,0.520259483935,nan,3.0
Sputum_increased,0.520181637552,0.492798,18.0
Hepatic_necrosis,0.520143918112,0.801996,65.0
Azotaemia,0.519915174457,0.83553,53.0
Eyelid_ptosis,0.519889665502,0.79036,49.0
Bundle_branch_block,0.519602919949,0.689838,53.0
Ventricular_fibrillation,0.519489471177,0.862837,59.0
Gastroenteritis,0.519330110694,0.785783,150.0
Skin_haemorrhage,0.519325844871,nan,4.0
Dyspepsia,0.519325703608,0.722818,407.0
Influenza_like_illness,0.519266657816,0.502568,26.0
Atrial_fibrillation,0.5189598547,0.775347,129.0
Eye_haemorrhage,0.518944662918,0.489807,34.0
Renal_impairment,0.518620169536,0.798687,133.0
Memory_impairment,0.518561058911,0.775906,49.0
Cardio-respiratory_arrest,0.51833607006,0.527456,17.0
Transient_global_amnesia,0.518181023557,nan,3.0
Hepatic_cirrhosis,0.518085382301,0.57504,29.0
Sleep_terror,0.517806867327,nan,2.0
Ileitis,0.517560664112,nan,5.0
Lung_disorder,0.517487383199,0.783471,70.0
Haemolytic_anaemia,0.517466287721,0.803311,162.0
Haemoglobinuria,0.517396553349,nan,7.0
Hearing_impaired,0.517263308994,0.767683,105.0
Tenosynovitis,0.517203078294,0.44696,27.0
Urticaria,0.516866345416,0.734164,492.0
Arterial_disorder,0.516838579358,0.55186,42.0
Accommodation_disorder,0.516824490123,0.653017,24.0
Colorectal_cancer_metastatic,0.515811395234,nan,2.0
Skin_odour_abnormal,0.5157823032,0.546966,19.0
Panic_reaction,0.51577154935,0.373168,22.0
Epistaxis,0.515669789914,0.729752,223.0
Laryngitis,0.515640876432,0.791858,81.0
Dysentery,0.515267175573,nan,5.0
Prostatitis,0.515175459946,0.444046,12.0
Depression,0.515174852726,0.757686,52.0
Gangrene,0.515124674853,0.527778,11.0
Lipase_increased,0.514957264957,0.56689,11.0
Alveolar_proteinosis,0.514587172063,nan,7.0
Liver_disorder,0.514573722812,0.806742,76.0
Premature_menopause,0.514565199397,nan,5.0
Vaginal_discharge,0.514519229513,0.763612,62.0
Tuberculosis,0.514388372448,nan,10.0
Photosensitivity_reaction,0.514346563879,0.801163,217.0
Meningitis,0.513975903614,0.65995,42.0
Erythema,0.51394555475,0.726462,420.0
Irritability,0.513589398821,0.763643,114.0
Blood_creatinine_increased,0.513405830463,0.782835,126.0
Cardiac_failure,0.512826763482,0.767597,237.0
Aspartate_aminotransferase_increased,0.512767323715,0.778046,136.0
Lipoma,0.512503931176,nan,7.0
Disorientation,0.512489158851,0.836875,80.0
Optic_nerve_disorder,0.512273943147,0.689622,40.0
Hyperkeratosis,0.51204816116,0.488047,22.0
Dyspareunia,0.511927957858,0.39735,11.0
Intestinal_obstruction,0.511884467641,0.820272,63.0
Tongue_discolouration,0.511877221038,0.734232,42.0
Eye_pain,0.51186188385,0.734206,117.0
Anal_pruritus,0.511551560402,nan,10.0
Hypocholesterolaemia,0.511523500336,nan,4.0
Skin_toxicity,0.511470770536,nan,9.0
Epidermal_necrosis,0.511368758548,nan,9.0
Vertigo,0.511257984688,0.729884,334.0
Connective_tissue_disorder,0.51121087239,0.797116,103.0
Cerebral_ischaemia,0.510840998508,0.69414,39.0
Nasopharyngitis,0.510749399583,0.815085,104.0
Myelodysplastic_syndrome,0.510737228397,0.708405,19.0
Progressive_multifocal_leukoencephalopathy,0.510649560066,0.743711,16.0
Asthenia,0.510284594205,0.75844,482.0
Diarrhoea,0.50995100964,0.770738,560.0
Swelling,0.509750496468,0.762494,177.0
Conjunctival_hyperaemia,0.509650011601,0.655174,37.0
Cheilitis,0.509556363499,0.327346,23.0
Oral_pruritus,0.509505703422,nan,2.0
Arrhythmia,0.509138429384,0.753031,265.0
Pericardial_haemorrhage,0.508782495961,nan,4.0
Intentional_self-injury,0.508772820944,nan,2.0
Musculoskeletal_disorder,0.508583957765,0.683548,40.0
Premature_labour,0.508269720102,nan,5.0
Irritable_bowel_syndrome,0.508227449446,0.408543,19.0
Breast_discharge,0.508213806202,nan,10.0
Type_2_diabetes_mellitus,0.508056183968,nan,5.0
Muscle_spasms,0.507834612213,0.728309,328.0
Cardiovascular_disorder,0.507789678676,0.804282,78.0
Meningitis_bacterial,0.507236912122,nan,3.0
Visual_impairment,0.507013949315,0.725059,255.0
Thinking_abnormal,0.506937930622,0.730907,84.0
Respiratory_disorder,0.506935199276,0.751519,106.0
Leukocytoclastic_vasculitis,0.506853658976,0.651047,33.0
Lower_respiratory_tract_infection,0.506517085898,0.47696,26.0
Hypokalaemia,0.506383964247,0.771329,151.0
Tinea_pedis,0.506366160663,nan,3.0
Male_sexual_dysfunction,0.50625,nan,6.0
Oesophageal_stenosis,0.506192456192,nan,9.0
Influenza,0.506166721267,0.739189,263.0
Corneal_lesion,0.506133830533,nan,5.0
Malaise,0.505908741419,0.723338,388.0
Prothrombin_level_decreased,0.505814265262,0.432541,18.0
Oedema,0.505785891418,0.711721,515.0
Vascular_pseudoaneurysm,0.505703422053,nan,2.0
Tardive_dyskinesia,0.50538530753,0.88931,31.0
Aplasia,0.505234429843,0.636169,27.0
Pleurisy,0.505192690219,0.48181,17.0
Myopia,0.505117958425,0.50525,16.0
Tubulointerstitial_nephritis,0.50493393339,0.810066,73.0
Parotid_gland_enlargement,0.504670262258,0.698892,16.0
Burning_sensation,0.5046559572,0.797816,59.0
Feeling_drunk,0.504173700146,nan,7.0
Furuncle,0.504063220835,0.61188,42.0
Amblyopia,0.50402271328,0.820663,76.0
Paraesthesia,0.503954352715,0.722091,416.0
Menstruation_delayed,0.503831417625,nan,6.0
Peritoneal_haemorrhage,0.503802281369,nan,2.0
Scleritis,0.50375549087,0.714281,12.0
Eyelid_oedema,0.503478909705,0.50855,16.0
Urinary_hesitation,0.503396532145,0.589287,24.0
Nasal_congestion,0.502833419808,0.797135,124.0
Red_blood_cell_count_increased,0.502747704602,nan,3.0
Polycystic_ovaries,0.502467129132,nan,3.0
Discomfort,0.502426328233,0.756696,174.0
Hiccups,0.502396265862,0.760031,107.0
Phlebitis,0.502348395659,0.747756,111.0
Eosinophil_count_increased,0.502273177802,nan,6.0
Pericarditis,0.502143619481,0.814527,54.0
Nervous_system_disorder,0.502011580834,0.762413,167.0
Pleural_effusion,0.501900838684,0.806661,82.0
Hyperaemia,0.501875762304,0.717466,53.0
Nephritic_syndrome,0.501843090587,nan,2.0
Hepatic_function_abnormal,0.501828260924,0.757654,205.0
Neutrophil_count_increased,0.501223500325,nan,5.0
Respiration_abnormal,0.501176397947,nan,6.0
Grimacing,0.501040064242,nan,3.0
Spinal_cord_compression,0.500954198473,nan,3.0
Menstrual_disorder,0.500913281208,0.827006,67.0
Adenoma_benign,0.500657589611,0.649465,13.0
Anuria,0.500642387863,0.631404,23.0
Cleft_palate,0.500549768222,0.830885,11.0
Nephritis,0.500400634293,0.841214,90.0
Dry_eye,0.500133422013,0.798105,99.0
Scleral_haemorrhage,0.500116100194,nan,3.0
Dandruff,0.50007740013,nan,3.0
Pulse_abnormal,0.5,nan,3.0
Central_nervous_system_infection,0.5,nan,2.0
Dissociation,0.499810259507,0.751943,44.0
Angina_unstable,0.499699068817,0.564607,17.0
Coagulopathy,0.499047088539,0.562556,37.0
Ejaculation_delayed,0.499038461538,0.475362,11.0
Nephrolithiasis,0.498845482778,0.778613,78.0
Cardiac_fibrillation,0.498814480324,0.761701,153.0
Bladder_cancer,0.498610679645,nan,10.0
Parosmia,0.498604742411,0.719318,51.0
Pain_in_extremity,0.498575195445,0.762636,122.0
Glomerulonephritis,0.49840357599,nan,5.0
Dysaesthesia,0.498220526637,0.502333,28.0
White_blood_cell_count_increased,0.49814431733,0.455769,14.0
Conjunctival_oedema,0.49807332631,0.796654,17.0
Sciatica,0.497989335626,0.457701,17.0
Capillary_fragility_increased,0.497982759121,nan,2.0
Hepatic_failure,0.497965867615,0.79149,150.0
Obesity,0.497884132321,nan,10.0
Thrombotic_microangiopathy,0.497648344631,nan,9.0
Respiratory_rate_decreased,0.497600083193,nan,6.0
Cardiac_tamponade,0.497587590527,nan,7.0
Parathyroid_disorder,0.497265612208,nan,9.0
Vitreous_haemorrhage,0.497141060513,nan,4.0
Umbilical_cord_compression,0.49713740458,nan,3.0
Corneal_disorder,0.49713740458,nan,3.0
Hepatitis_fulminant,0.496488395762,0.563191,15.0
Photophobia,0.496171078841,0.797301,97.0
Bundle_branch_block_left,0.495929236931,nan,4.0
Formication,0.495631730183,nan,2.0
Fatigue,0.495544340987,0.734274,376.0
Haematuria,0.495393606188,0.757556,208.0
Ventricular_dysfunction,0.495342068804,0.631481,18.0
Female_sexual_dysfunction,0.495307458526,nan,10.0
Joint_swelling,0.495280809083,0.450454,31.0
Haematocrit_decreased,0.495253647989,0.571286,24.0
Blood_culture_positive,0.495229007634,nan,3.0
Reticulocytosis,0.495215074313,nan,5.0
Panic_disorder,0.495046027191,nan,6.0
Body_temperature_decreased,0.494977899174,0.610946,32.0
Hair_disorder,0.494818337058,nan,9.0
Lethargy,0.494636622282,0.727895,121.0
Eclampsia,0.494214340309,nan,3.0
Hyperglycaemia,0.494094047086,0.785856,215.0
Rectal_haemorrhage,0.493590541858,0.80337,91.0
Vascular_stenosis,0.493590301764,nan,3.0
Headache,0.493496267704,0.738737,619.0
Hepatitis_cholestatic,0.493449408472,0.59879,33.0
Snoring,0.493368137814,nan,7.0
Liver_tenderness,0.493106550953,nan,2.0
Benign_prostatic_hyperplasia,0.492742055242,0.452557,12.0
Renal_failure_acute,0.49257734255,0.783167,119.0
Hyperplasia,0.491983618526,0.666106,45.0
Xerophthalmia,0.491930240585,0.482919,23.0
Epigastric_discomfort,0.491780257486,0.72809,31.0
Muscle_spasticity,0.491492838309,nan,8.0
Rash,0.491387795393,0.780915,661.0
Immune_system_disorder,0.490807217474,0.79744,97.0
Vomiting,0.490726477798,0.759162,616.0
Lipohypertrophy,0.490682967841,nan,7.0
Induration,0.490606972574,0.691461,23.0
Endophthalmitis,0.490384615385,nan,6.0
Drug_eruption,0.490335411261,0.50091,36.0
Extrapyramidal_disorder,0.490181999244,0.869266,73.0
Convulsion,0.490090140944,0.737085,356.0
Hypoaesthesia,0.490002718896,0.75661,246.0
Musculoskeletal_pain,0.489919611485,0.772666,85.0
Acute_myocardial_infarction,0.489633967694,nan,6.0
Angiopathy,0.489337192184,0.711472,152.0
Retrograde_ejaculation,0.489223227423,nan,3.0
Hypoventilation,0.489072639858,0.501347,25.0
Metastasis,0.488978599856,nan,9.0
Asterixis,0.488865237816,nan,6.0
Ventricular_arrhythmia,0.488422028025,0.648681,31.0
Anaphylactic_shock,0.488170593919,0.744231,283.0
Gastrointestinal_candidiasis,0.487835658382,nan,9.0
Nightmare,0.487768046877,0.851551,76.0
Microangiopathy,0.486745201688,nan,10.0
Opportunistic_infection,0.486614143232,0.512184,17.0
Sensory_disturbance,0.486310914799,0.501442,14.0
Testicular_disorder,0.485961374259,0.557658,17.0
Blood_pressure_increased,0.485960195829,0.822896,69.0
Proteinuria,0.485534453569,0.796424,82.0
Angle_closure_glaucoma,0.485232477851,nan,5.0
Ear_malformation,0.485124009242,nan,4.0
Faeces_discoloured,0.485012820891,0.550181,11.0
Ulcer,0.484994529474,0.721062,249.0
Epidermolysis,0.484993614304,nan,5.0
Viral_infection,0.484933382142,0.800331,101.0
Dyschezia,0.484729168495,nan,5.0
Bundle_branch_block_right,0.484715925709,nan,5.0
Chloasma,0.484610484009,0.680776,13.0
Laboratory_test_abnormal,0.484544119485,0.493737,31.0
Hyperkinesia,0.483962936091,0.763055,135.0
Inflammatory_bowel_disease,0.483819580184,0.849882,23.0
Abdominal_pain_upper,0.483722429356,0.766273,98.0
Blood_alkaline_phosphatase_increased,0.483604501786,0.774862,118.0
Dizziness,0.483218022312,0.739191,561.0
Glomerulonephritis_membranous,0.483161843671,nan,3.0
Cholecystitis,0.48289296278,0.793346,53.0
Light_anaesthesia,0.482824427481,nan,3.0
Haemolytic_uraemic_syndrome,0.481870152476,0.489089,16.0
Dysgeusia,0.481772730973,0.692174,251.0
Hyperreflexia,0.481336916917,0.692823,43.0
Arterial_thrombosis,0.480897091452,0.556306,17.0
Eosinophilia,0.480172214807,0.807501,200.0
Myasthenia_gravis,0.480034044402,0.34238,11.0
Retching,0.479308560363,0.386658,17.0
Viral_diarrhoea,0.478697091132,0.574922,21.0
Corneal_oedema,0.478600600124,nan,9.0
Aplastic_anaemia,0.478301759552,0.855538,116.0
Pulmonary_eosinophilia,0.478227474775,0.508066,19.0
Delirium_tremens,0.478013525673,nan,2.0
Colitis,0.477990777042,0.8384,159.0
Vitreous_disorder,0.477517265099,nan,7.0
Drooling,0.477307557456,0.406609,11.0
Retinal_disorder,0.477069137517,0.673297,31.0
Tonsillitis,0.476840003392,0.420681,18.0
Glucose_tolerance_decreased,0.476790741634,0.619262,17.0
Type_1_diabetes_mellitus,0.476530129761,nan,5.0
Peritonitis,0.476298705395,0.578648,25.0
Aneurysm,0.476092012182,0.37885,17.0
Melaena,0.476073541759,0.802342,109.0
Blood_sodium_increased,0.476027314959,nan,10.0
Rhonchi,0.4753688637,nan,5.0
Upper_respiratory_tract_infection,0.475302202263,0.724788,200.0
Haematoma,0.475236299302,0.804897,69.0
Lacrimation_increased,0.474835683862,0.813636,119.0
Choreoathetosis,0.474543077237,0.68083,23.0
Lip_swelling,0.474338790618,0.503071,15.0
Laryngospasm,0.473979976948,0.80071,58.0
Haematemesis,0.473609730891,0.831169,72.0
Pleural_disorder,0.473408966683,0.830375,86.0
Depressed_level_of_consciousness,0.473226260632,0.59353,31.0
Aortic_valve_stenosis,0.473125850819,nan,6.0
Anger,0.472897597089,0.560417,14.0
Cardiac_output_decreased,0.472283096852,0.376277,11.0
Diarrhoea_haemorrhagic,0.472021493422,0.654793,20.0
Acute_hepatic_failure,0.471758431061,0.426622,15.0
Splenomegaly,0.471317829457,0.50592,17.0
Respiratory_tract_infection,0.471128465422,0.723115,209.0
Pleuritic_pain,0.470896937191,nan,8.0
Renal_failure,0.470843805039,0.747561,245.0
Emotional_distress,0.470636554418,0.492582,27.0
Polyuria,0.469863746118,0.784915,126.0
Sinus_congestion,0.469862905814,0.781092,45.0
Psychotic_behaviour,0.469821205701,nan,2.0
Neutrophilia,0.469465648855,nan,3.0
Urethritis,0.469403996068,0.513501,12.0
Pneumothorax,0.469009656696,0.552962,22.0
Haematochezia,0.46891160795,0.626542,30.0
Infection_parasitic,0.4687530467,nan,5.0
Diaphragmatic_hernia,0.468487223594,0.510857,15.0
Breast_swelling,0.468193384224,nan,5.0
Ventricular_extrasystoles,0.467786495911,0.801914,80.0
Vitreous_detachment,0.467546460984,0.637458,12.0
Gastrointestinal_pain,0.467112274565,0.526776,29.0
Endometrial_cancer,0.467060788727,nan,8.0
Uterine_atony,0.466962238412,nan,2.0
Activated_partial_thromboplastin_time_prolonged,0.466791943299,nan,6.0
Corneal_erosion,0.466044635084,0.747044,12.0
Feeling_jittery,0.464838269073,0.528997,27.0
Arteriosclerosis,0.46478159734,0.60984,14.0
Paralysis_flaccid,0.464664177883,nan,9.0
Myelitis,0.464255538332,nan,7.0
Hot_flush,0.464110709181,0.773638,105.0
Temperature_intolerance,0.463985169345,0.672201,11.0
Eye_allergy,0.463878326996,nan,2.0
Biliary_colic,0.463256359808,0.437634,12.0
Balance_disorder,0.463207682444,0.5067,26.0
Bursitis,0.463049926533,0.694388,50.0
Premenstrual_syndrome,0.46291034198,0.645609,14.0
Abnormal_faeces,0.462151979662,0.426393,18.0
Lividity,0.462042492671,nan,4.0
Urine_odour_abnormal,0.461977186312,nan,2.0
Hepatorenal_syndrome,0.461832061069,nan,4.0
Tumour_flare,0.460991196514,nan,6.0
Livedo_reticularis,0.460794415581,nan,4.0
Emphysema,0.460791258918,0.511281,11.0
Vestibular_disorder,0.460439516187,0.517188,11.0
Hemiparesis,0.460322247849,0.417832,16.0
Hyperaesthesia,0.459920724776,0.761291,55.0
Food_allergy,0.459735180473,nan,6.0
Salivary_gland_disorder,0.459287531807,nan,5.0
Gastrointestinal_haemorrhage,0.459171873072,0.760928,147.0
Oropharyngeal_pain,0.459020593245,0.810037,70.0
Electroencephalogram_abnormal,0.4583450933,0.507529,19.0
Gastrointestinal_infection,0.458247700137,nan,9.0
Eye_discharge,0.458178565509,nan,7.0
Menometrorrhagia,0.457843405182,nan,9.0
Mitral_valve_incompetence,0.457748390327,nan,8.0
Pneumonia_streptococcal,0.457263769868,nan,6.0
Tenderness,0.457213149844,0.753704,149.0
Groin_pain,0.456585113722,nan,6.0
Cutaneous_lupus_erythematosus,0.455894626896,nan,7.0
Capillary_leak_syndrome,0.455451387881,nan,4.0
Anoxia,0.455152671756,nan,4.0
Respiratory_distress,0.455144921627,0.763975,62.0
Cognitive_disorder,0.455047851668,0.53605,23.0
Uterine_leiomyoma,0.454342985997,0.390765,22.0
Labyrinthitis,0.454311313507,0.558278,13.0
Gastrooesophageal_reflux_disease,0.454031627933,0.791663,75.0
Mucosal_ulceration,0.454009445954,nan,5.0
Aortic_aneurysm,0.453782632931,nan,5.0
Teratogenicity,0.453753991424,0.540583,17.0
Haemorrhagic_disorder,0.453693412629,nan,5.0
Hypoalbuminaemia,0.453674849418,0.56586,15.0
Gastric_cancer,0.453625147876,nan,7.0
Retinal_detachment,0.453528222174,0.724453,17.0
Haemodynamic_instability,0.453422053232,nan,2.0
Hemiplegia,0.45309305414,0.590982,31.0
Cholelithiasis,0.45282570356,0.811413,66.0
Basophilia,0.45268418497,nan,5.0
Osteoarthritis,0.45262704565,0.463124,15.0
Abdominal_discomfort,0.452283156836,0.729533,106.0
Motor_dysfunction,0.452033176747,nan,5.0
Hepatocellular_injury,0.451738573246,0.809857,57.0
Localised_oedema,0.451634593988,nan,4.0
Uterine_cervical_erosion,0.45143129771,nan,7.0
Folate_deficiency,0.451335877863,nan,3.0
Congenital_cardiovascular_anomaly,0.451324993469,nan,3.0
Smear_cervix_abnormal,0.451317598198,nan,4.0
Gingival_disorder,0.451035354622,nan,5.0
Hypertonia,0.450991974945,0.755833,134.0
Asphyxia,0.450963235664,0.535025,12.0
Meningitis_aseptic,0.450853271719,0.387152,19.0
Agoraphobia,0.450570342205,nan,2.0
Oligomenorrhoea,0.450119264654,nan,7.0
Chromaturia,0.450064256507,0.512938,18.0
Alcohol_abuse,0.450044505075,nan,6.0
Tooth_discolouration,0.449833626933,nan,9.0
Thyroid_function_test_abnormal,0.449427480916,nan,3.0
Cold_sweat,0.44933505701,0.414166,16.0
Gingival_bleeding,0.449155890277,0.588914,42.0
Hyperamylasaemia,0.448669201521,nan,2.0
Substance_abuse,0.448473282443,nan,3.0
Acute_generalised_exanthematous_pustulosis,0.448233452594,nan,9.0
Thyroid_disorder,0.447170620259,0.473716,15.0
Lung_infiltration,0.446560353033,0.720535,37.0
Kidney_infection,0.444866920152,nan,2.0
Limb_reduction_defect,0.44465648855,nan,3.0
Panic_attack,0.444532158322,0.544008,11.0
Haemorrhage,0.443117381383,0.719124,349.0
Cholangitis_sclerosing,0.44215826777,nan,5.0
Halo_vision,0.442087771747,nan,2.0
Nasal_polyps,0.441836221326,nan,4.0
Allergic_granulomatous_angiitis,0.44179389313,nan,3.0
Depressed_mood,0.441062485691,0.504618,19.0
Miosis,0.441056225177,0.75878,30.0
Aplasia_pure_red_cell,0.440820933203,0.680875,11.0
Peripheral_coldness,0.440571081796,0.450087,26.0
Anorgasmia,0.439941706427,0.596717,16.0
Corneal_infiltrates,0.439567430025,nan,5.0
Water_intoxication,0.43949158348,nan,7.0
Toxic_skin_eruption,0.439163498099,nan,2.0
Blood_lactate_dehydrogenase_increased,0.439076625008,0.791799,64.0
Emotional_disorder,0.438229540251,0.467551,12.0
Haemoglobin_increased,0.437950695277,nan,6.0
Glossodynia,0.437684616851,0.561677,20.0
Stress,0.437567120425,nan,4.0
Orchitis,0.437208847133,nan,7.0
Cerebral_artery_embolism,0.437038979454,nan,4.0
Haemarthrosis,0.437022900763,nan,4.0
Extrasystoles,0.436798603625,0.805763,98.0
Congenital_eye_disorder,0.436636848799,0.401517,13.0
Polycythaemia_vera,0.436238946433,nan,3.0
Pathological_gambling,0.435460298819,nan,7.0
Peripheral_vascular_disorder,0.434262992832,0.739751,47.0
Prostatic_specific_antigen_increased,0.433842335316,nan,8.0
Blood_disorder,0.433420062032,0.608917,40.0
Respiratory_acidosis,0.433322207065,nan,4.0
Polymenorrhoea,0.433209735001,nan,3.0
Capillary_fragility,0.433053092768,nan,6.0
Tumour_pain,0.432960015719,nan,6.0
Orgasm_abnormal,0.432930356505,nan,8.0
Skin_infection,0.43260023304,0.541636,22.0
Skin_tightness,0.431730769231,nan,8.0
Macular_oedema,0.43141025641,0.46871,11.0
Musculoskeletal_chest_pain,0.430909815379,0.439454,13.0
Micturition_disorder,0.430504846692,0.612499,28.0
Intestinal_infarction,0.430494683579,nan,4.0
Cerebral_thrombosis,0.430454905455,0.551622,13.0
Tracheobronchitis,0.430343306026,nan,6.0
Affect_lability,0.43002299863,nan,7.0
Thyroid_neoplasm,0.429874517375,nan,8.0
Swelling_face,0.429510241295,0.604853,24.0
Neutropenic_colitis,0.429396229607,nan,9.0
Atrial_flutter,0.42859734031,0.49254,26.0
Tongue_coated,0.428354043285,nan,7.0
Sialoadenitis,0.427849491783,0.549647,14.0
Skin_papilloma,0.427538678027,0.548912,18.0
Gastrointestinal_carcinoma,0.427133262323,nan,8.0
Pulmonary_arterial_hypertension,0.426929440107,nan,3.0
Muscle_contracture,0.426807135779,0.650203,13.0
White_blood_cells_urine_positive,0.42607074535,nan,5.0
Impaired_gastric_emptying,0.425592244117,nan,8.0
Osteomyelitis,0.424980123236,0.695464,13.0
Injection_site_inflammation,0.424313821237,0.672888,25.0
Exostosis,0.424274072991,nan,8.0
Talipes,0.424177921315,nan,5.0
Stridor,0.424150582938,0.602486,24.0
Infusion_site_reaction,0.423418153456,nan,5.0
Hair_growth_abnormal,0.422272233235,nan,7.0
Testicular_atrophy,0.421474358974,nan,7.0
Visual_acuity_reduced,0.421164348425,0.724228,35.0
White_blood_cell_count_decreased,0.421104757922,0.531122,27.0
Sensation_of_heaviness,0.420671841343,nan,7.0
Cerebral_haemorrhage,0.420385789464,0.65559,41.0
Gastric_disorder,0.419852127237,0.781231,85.0
Bladder_neoplasm,0.419419208777,nan,2.0
Tendon_disorder,0.41938106261,0.472919,22.0
Feeling_hot,0.419059299062,0.6267,32.0
Capillary_permeability,0.418738982853,nan,3.0
Liver_function_test_normal,0.418724414725,nan,3.0
Muscle_tightness,0.418441478831,nan,10.0
Night_sweats,0.417216531478,0.588996,27.0
Malabsorption,0.416504826381,nan,5.0
Cells_in_urine,0.416349809886,nan,2.0
Conjunctival_disorder,0.416080299521,nan,4.0
Tension,0.416042577864,0.607887,29.0
Pupils_unequal,0.416030534351,nan,3.0
Large_intestine_perforation,0.415894555891,nan,3.0
Hereditary_disorder,0.415850903881,nan,10.0
Heart_disease_congenital,0.415802192762,nan,7.0
Scleroderma,0.414162501372,nan,10.0
Appendicitis,0.412462955566,0.436763,12.0
Trigger_finger,0.41216486302,nan,4.0
Fungal_infection,0.412008687584,0.79081,64.0
Cardiogenic_shock,0.41188516307,0.48675,11.0
Skin_burning_sensation,0.411815517736,0.613506,11.0
Alcohol_intolerance,0.411346368475,0.584272,19.0
Thrombophlebitis_superficial,0.411128050421,nan,5.0
Patent_ductus_arteriosus,0.410373512598,nan,8.0
Depressive_symptom,0.409273777594,nan,6.0
Bacterial_infection,0.407207843353,0.647829,33.0
Subdural_haematoma,0.406728732263,0.60168,13.0
Eosinophilic_pneumonia,0.406630147615,nan,9.0
Panniculitis,0.405238053774,nan,3.0
Alveolar_osteitis,0.404942965779,nan,2.0
Restless_legs_syndrome,0.404718953508,0.316784,11.0
Gamma-glutamyltransferase_increased,0.404025919484,0.714167,38.0
Haematocrit_increased,0.403940090581,nan,8.0
Porphyria_acute,0.403557019708,nan,4.0
Hypersomnia,0.402528448085,0.379126,15.0
Gastrointestinal_perforation,0.400246029739,0.46535,16.0
Carcinogenicity,0.400064631962,0.570795,18.0
Metastatic_neoplasm,0.399720182704,0.397935,11.0
Paronychia,0.399229756644,nan,6.0
Jaundice_neonatal,0.398536631557,nan,3.0
Varices_oesophageal,0.397272846467,nan,4.0
Vulval_disorder,0.396946564885,nan,4.0
Keratopathy,0.396382322388,0.476958,11.0
Megacolon,0.396075796752,0.341582,11.0
Hyperpyrexia,0.396059060273,0.642457,21.0
Abdominal_pain_lower,0.395657938016,0.550169,19.0
Endometrial_hyperplasia,0.395562047653,nan,5.0
Ovarian_failure,0.394438233529,nan,5.0
Catatonia,0.393209506267,0.44769,20.0
Hypertensive_crisis,0.392861432322,0.451288,16.0
Venoocclusive_liver_disease,0.392720306513,nan,6.0
Ischaemic_stroke,0.392208713394,nan,8.0
Graft_versus_host_disease,0.391038577403,nan,4.0
Trigeminal_neuralgia,0.390611848025,nan,2.0
Perineal_pain,0.390453258818,0.588065,13.0
Pulmonary_hypertension,0.388889594149,0.475964,24.0
Rhinitis_allergic,0.38877751047,0.54454,11.0
Culture_negative,0.388021362436,nan,2.0
Monocytosis,0.387824606215,nan,8.0
Lymphadenitis,0.387792172882,nan,7.0
Chronic_obstructive_pulmonary_disease,0.387412495652,0.691444,17.0
Areflexia,0.387041767045,nan,2.0
Macule,0.386717117214,nan,7.0
Fat_redistribution,0.385703148203,0.340742,12.0
Pregnancy_test_positive,0.385559554942,nan,7.0
Mental_retardation,0.385496183206,nan,3.0
Gallbladder_disorder,0.385070538519,0.47834,12.0
Blood_pressure_diastolic_decreased,0.383780077207,nan,3.0
Cystoid_macular_oedema,0.38358778626,nan,3.0
Abortion_spontaneous,0.382535452012,0.650689,14.0
Blood_urine,0.38194710523,0.444923,11.0
Polyserositis,0.381679389313,nan,3.0
Menopause,0.381519753311,0.582087,21.0
Psychomotor_skills_impaired,0.381476281933,nan,6.0
Tooth_hypoplasia,0.381278870826,nan,5.0
Arterial_stenosis,0.380934790418,0.724777,11.0
Molluscum_contagiosum,0.379306591589,nan,3.0
Renal_artery_stenosis,0.379028943684,0.675713,11.0
Skin_fissures,0.376701593475,nan,2.0
Renal_neoplasm,0.374557632125,nan,6.0
Haemoglobinaemia,0.373965982643,nan,2.0
Chromatopsia,0.373806142375,nan,9.0
Low_density_lipoprotein_increased,0.373596165421,nan,5.0
Benign_breast_neoplasm,0.373539615222,nan,7.0
Staphylococcal_infection,0.372773536896,nan,5.0
Hypospadias,0.37213740458,nan,3.0
Vasoconstriction,0.372115384615,nan,8.0
Acute_coronary_syndrome,0.370871639385,nan,7.0
Retroperitoneal_fibrosis,0.370704278904,nan,5.0
Synovial_cyst,0.370063272011,nan,4.0
Portal_vein_thrombosis,0.369484142593,nan,4.0
Spina_bifida,0.368971255527,nan,3.0
Illusion,0.367816091954,nan,8.0
Inner_ear_disorder,0.366772026542,nan,10.0
Anterograde_amnesia,0.36666451481,nan,5.0
Logorrhoea,0.36641221374,nan,3.0
Organ_failure,0.366123271014,0.754414,20.0
Hair_colour_changes,0.366113239676,nan,8.0
Blood_pressure_fluctuation,0.365812790813,nan,8.0
Menopausal_symptoms,0.365678499265,nan,8.0
Choking,0.365462794646,0.650236,12.0
Madarosis,0.364003134705,nan,2.0
Hyperuricosuria,0.363879055403,nan,3.0
Anisocytosis,0.363720140481,nan,2.0
Deformity,0.362730870074,nan,3.0
Trismus,0.362682612441,0.58361,20.0
Tooth_infection,0.362460246472,0.352489,12.0
Pulmonary_infarction,0.361613711522,nan,3.0
Myoglobinuria,0.361546889966,nan,3.0
Left_ventricular_failure,0.36138669153,nan,4.0
Oesophageal_carcinoma,0.361216730038,nan,2.0
Proctalgia,0.361108914771,nan,5.0
Cytogenetic_abnormality,0.359667960243,nan,10.0
Skin_oedema,0.35960583984,nan,2.0
Cerebral_venous_thrombosis,0.357651486566,nan,3.0
Compartment_syndrome,0.357414448669,nan,2.0
Ocular_hypertension,0.357414448669,nan,2.0
Eyelid_pain,0.356289728035,nan,2.0
Skin_candida,0.355984555985,nan,10.0
Congenital_skin_disorder,0.35472541507,nan,5.0
Eyelid_irritation,0.354366818564,nan,2.0
Lung_cancer_metastatic,0.353517474469,nan,4.0
Polydipsia,0.353207526463,0.513429,15.0
Fibroadenoma_of_breast,0.353113368152,0.376113,12.0
Left_ventricular_dysfunction,0.351941843321,0.547119,12.0
Ovarian_cancer,0.349765035972,0.677756,12.0
Venous_insufficiency,0.349273293222,nan,4.0
Muscle_fatigue,0.347613657253,nan,3.0
Lipids_increased,0.347146837721,nan,2.0
Enzyme_abnormality,0.34711620017,nan,4.0
Splenic_infarction,0.346692111959,nan,5.0
Dermatomyositis,0.345323452565,nan,8.0
Petit_mal_epilepsy,0.344093962349,nan,4.0
Onychomadesis,0.343662135979,nan,4.0
Altered_state_of_consciousness,0.342863224296,nan,3.0
Hypoplastic_anaemia,0.342441151714,nan,3.0
Moaning,0.342328679651,nan,2.0
Vaginal_cyst,0.342089292504,nan,4.0
Chronic_myeloid_leukaemia,0.339346460934,nan,5.0
Urethral_pain,0.337387434399,0.480896,11.0
Brain_oedema,0.337147674613,0.527966,18.0
Unintended_pregnancy,0.336916516023,0.596022,13.0
Oestrogen_deficiency,0.335955596346,nan,3.0
Cerebral_infarction,0.334369699646,0.602403,26.0
Sinus_disorder,0.333628903211,nan,6.0
Blighted_ovum,0.333277274057,nan,4.0
White_blood_cell_disorder,0.332182379088,0.570781,13.0
Hepatic_encephalopathy,0.331890402258,nan,8.0
Sinus_arrhythmia,0.33158159286,0.403711,13.0
Quadriparesis,0.330982199366,nan,6.0
Papilloma,0.33023135868,nan,7.0
Synovitis,0.329925689468,nan,10.0
Purpura_non-thrombocytopenic,0.329851668162,nan,5.0
Hyperparathyroidism,0.328244274809,nan,3.0
Oligohydramnios,0.328074962026,nan,4.0
Homicidal_ideation,0.327868772546,nan,4.0
Oral_mucosal_blistering,0.327252585648,nan,3.0
Tumour_necrosis,0.326335877863,nan,4.0
Initial_insomnia,0.326193371475,nan,8.0
Bone_marrow_toxicity,0.32578017607,nan,4.0
Necrotising_colitis,0.325537492573,0.333653,11.0
Right_ventricular_failure,0.323716367225,nan,3.0
Hypotrichosis,0.323444257394,nan,3.0
Breath_sounds_abnormal,0.322143400572,0.485655,12.0
Eating_disorder,0.322105477027,nan,3.0
Fistula,0.321276879231,nan,7.0
Central_nervous_system_neoplasm,0.320248749671,nan,4.0
Arterial_insufficiency,0.320204336342,nan,3.0
Vasospasm,0.319069979193,0.676994,15.0
Creatinine_renal_clearance_decreased,0.318649301707,nan,7.0
Thyroiditis,0.318444146688,nan,10.0
Macrocytosis,0.317989242558,nan,6.0
Regurgitation,0.317772035601,0.42359,14.0
Colitis_ulcerative,0.317197363276,0.432941,16.0
Urethral_disorder,0.314633592755,nan,7.0
Costochondritis,0.313587640022,nan,4.0
Middle_insomnia,0.313446333531,nan,8.0
Pregnancy,0.313216555888,nan,4.0
Elevated_mood,0.312478063761,nan,5.0
Immobile,0.312020162289,nan,3.0
Mutism,0.311812903416,nan,7.0
Cerebellar_ataxia,0.311681856442,nan,3.0
Fear,0.311284471833,nan,3.0
Chalazion,0.311124333633,nan,3.0
Calculus_urinary,0.310687095521,nan,10.0
Hyperammonaemia,0.3104374633,nan,5.0
Caecitis,0.310031056802,nan,2.0
Sudden_infant_death_syndrome,0.309465068354,nan,3.0
Intestinal_ulcer,0.309051296411,nan,8.0
Dysgraphia,0.307769832217,nan,5.0
Mesenteric_artery_thrombosis,0.30771411369,nan,6.0
Status_asthmaticus,0.30764243987,nan,4.0
Precocious_puberty,0.306060074289,nan,4.0
Mental_status_changes,0.300992052513,nan,9.0
Dermoid_cyst,0.300431021972,nan,2.0
Cardiac_valve_disease,0.299705186914,0.661378,14.0
Mycobacterium_avium_complex_infection,0.299146663571,nan,3.0
Microcephaly,0.298058224248,nan,3.0
Microsomia,0.296899641057,nan,4.0
Mobility_decreased,0.296612679146,nan,5.0
Intertrigo_candida,0.296577946768,nan,2.0
Cardiopulmonary_failure,0.295651140684,nan,5.0
Clostridium_difficile_colitis,0.292819504158,nan,5.0
Xeroderma,0.290821312126,nan,3.0
Refraction_disorder,0.289258797008,nan,3.0
Erythromelalgia,0.28897338403,nan,2.0
Pregnancy_test_false_positive,0.286601207212,nan,6.0
Lung_neoplasm,0.286259541985,nan,3.0
Urine_analysis_abnormal,0.284161444289,nan,5.0
Epicondylitis,0.283012364671,nan,3.0
Monoparesis,0.280332056194,nan,4.0
Urge_incontinence,0.280332056194,nan,4.0
Bullous_impetigo,0.280332056194,nan,4.0
Cardiac_hypertrophy,0.280222652822,nan,5.0
Apoptosis,0.280106231678,nan,3.0
Graft_dysfunction,0.27969348659,nan,4.0
Bile_duct_stenosis,0.278416347382,nan,4.0
Pancreatitis_necrotising,0.278416347382,nan,4.0
Gastrooesophagitis,0.278416347382,nan,4.0
Lactose_intolerance,0.277599193104,nan,3.0
Neutropenic_infection,0.277568977284,nan,4.0
Pancreatic_pseudocyst,0.277139208174,nan,4.0
Echocardiogram_abnormal,0.275862068966,nan,4.0
Neuroma,0.27566539924,nan,2.0
Intervertebral_disc_protrusion,0.27566539924,nan,2.0
Monarthritis,0.27566539924,nan,2.0
Premature_ejaculation,0.275629355788,nan,5.0
Gingival_pain,0.275305176869,0.452533,11.0
Ectropion_of_cervix,0.275109085808,nan,3.0
Pseudocyst,0.274584929757,nan,4.0
Anencephaly,0.273989684579,nan,5.0
Ectropion,0.272574231562,nan,3.0
Lymphatic_disorder,0.271403554601,nan,3.0
Nipple_disorder,0.270898035004,nan,2.0
Metastases_to_liver,0.270605440187,nan,4.0
Ectopic_pregnancy,0.269135712197,nan,4.0
Blood_pressure_systolic_increased,0.268060836502,nan,2.0
Multiple_sclerosis,0.266399152469,nan,2.0
Cervix_carcinoma,0.264174788398,nan,3.0
Scleral_disorder,0.2625,nan,8.0
Haematological_malignancy,0.26173318438,nan,5.0
Heart_sounds_abnormal,0.261428612893,nan,3.0
Vaginitis_bacterial,0.254664349408,nan,5.0
Odynophagia,0.254572487082,nan,5.0
Enanthema,0.250578082218,nan,4.0
Retinopathy_of_prematurity,0.249992743738,nan,3.0
Cancer_pain,0.248223977121,nan,5.0
Lyme_disease,0.247866658927,nan,2.0
Polyarthritis,0.247140521052,nan,6.0
Anxiety_disorder,0.24692005497,nan,6.0
Arteriosclerosis_coronary_artery,0.246132412272,nan,2.0
Oesophageal_perforation,0.245967936996,nan,3.0
Relapsing_fever,0.24595826198,nan,2.0
Hyperlactacidaemia,0.24211780878,nan,6.0
Diabetic_neuropathy,0.239754157838,nan,4.0
Abortion_missed,0.239459959501,nan,3.0
Cleft_lip,0.238165036426,nan,3.0
Portal_hypertension,0.235015818651,nan,3.0
Developmental_delay,0.234474017744,nan,3.0
Haemoglobin_abnormal,0.232692307692,nan,5.0
Ovarian_hyperstimulation_syndrome,0.230524192378,nan,3.0
Cardiac_failure_acute,0.22890120841,nan,3.0
Appetite_disorder,0.227456046277,nan,5.0
Application_site_oedema,0.225704004778,nan,3.0
Congestive_cardiomyopathy,0.220532319392,nan,2.0
Mean_arterial_pressure,0.219534402634,nan,3.0
Hypertonic_bladder,0.218126868488,nan,3.0
Phaeochromocytoma,0.214296591021,nan,6.0
Blood_urea_abnormal,0.211832061069,nan,2.0
Terminal_insomnia,0.210140369658,nan,5.0
Attention_deficit/hyperactivity_disorder,0.209923664122,nan,3.0
Arteriospasm_coronary,0.208603259748,nan,6.0
Tongue_dry,0.20728964096,nan,2.0
Poliomyelitis,0.204971265202,nan,3.0
Strangury,0.203033843207,nan,3.0
Microangiopathic_haemolytic_anaemia,0.200615659092,nan,5.0
Non-small_cell_lung_cancer,0.199619771863,nan,2.0
Hyperinsulinism,0.194342050523,nan,3.0
Diabetic_vascular_disorder,0.19391634981,nan,2.0
Fibromyalgia,0.193216120512,nan,3.0
Tracheo-oesophageal_fistula,0.191334149148,nan,3.0
Gastrointestinal_ulcer,0.191015991863,nan,7.0
Rash_vesicular,0.189133207856,nan,6.0
Intervertebral_disc_disorder,0.187651776817,nan,3.0
Pituitary_tumour,0.18606870229,nan,3.0
Hepatic_adenoma,0.184461440223,nan,2.0
Intertrigo,0.184163933475,nan,3.0
Ventricular_failure,0.183225771989,nan,4.0
Renal_infarct,0.180364348878,nan,3.0
Subileus,0.175490096101,nan,4.0
Wound_dehiscence,0.168893129771,nan,3.0
Ventricular_hypertrophy,0.165762052651,nan,3.0
Ejection_fraction_decreased,0.162206484196,nan,3.0
Congenital_generalised_lipodystrophy,0.161596958175,nan,2.0
Insulin_resistance,0.161596958175,nan,2.0
Peritonsillar_abscess,0.161596958175,nan,2.0
Sexually_active,0.155372725551,nan,3.0
Vaginal_dysplasia,0.152359736453,nan,2.0
Fat_tissue_increased,0.150190114068,nan,2.0
Skull_malformation,0.146663570661,nan,2.0
Trisomy_21,0.146649058137,nan,2.0
Polyhydramnios,0.146649058137,nan,2.0
Single_umbilical_artery,0.146649058137,nan,2.0
Limb_deformity,0.146649058137,nan,2.0
Congenital_diaphragmatic_hernia,0.146649058137,nan,2.0
Congenital_megacolon,0.146649058137,nan,2.0
Sickle_cell_anaemia_with_crisis,0.144755173715,nan,2.0
Polydactyly,0.142854033031,nan,2.0
Injection_site_atrophy,0.142839520506,nan,2.0
Neurofibroma,0.142832264244,nan,2.0
Meningioma,0.142832264244,nan,2.0
Muscle_enzyme_increased,0.142592807593,nan,2.0
Deafness_neurosensory,0.141054480016,nan,2.0
Oesophageal_atresia,0.14093112356,nan,2.0
Vulval_abscess,0.139029982875,nan,2.0
Uterine_cyst,0.137136098453,nan,2.0
Hydrops_foetalis,0.137128842191,nan,2.0
Cor_pulmonale,0.128048839482,nan,3.0
Respiratory_moniliasis,0.125721998084,nan,2.0
Prolactinoma,0.115984094273,nan,2.0
Scrotal_ulcer,0.110556410182,nan,2.0
Viraemia,0.110425797463,nan,2.0
Brain_neoplasm_benign,0.10273415958,nan,2.0
Hypogeusia,0.0934292127439,nan,4.0
Gastrointestinal_obstruction,0.0933590688764,nan,2.0
Adhesion,0.091407134357,nan,2.0
Haemorrhage_urinary_tract,0.0837034027032,nan,3.0
Brain_neoplasm,0.074427480916,nan,3.0
Soft_tissue_infection,0.0724537776101,nan,2.0
Neural_tube_defect,0.0665399239544,nan,2.0
Cardiac_septal_defect,0.0654800352319,nan,7.0
Ventricular_septal_defect,0.0567035184698,nan,6.0
