ADR name,OVR Logistic Regression Mean AUC,Web Mean AUC,Positive Count
Atonic_urinary_bladder,0.999363867684,nan,4.0
Facial_nerve_disorder,0.999363867684,nan,4.0
Deafness_bilateral,0.996178294461,nan,6.0
Gastritis_erosive,0.995236263896,nan,3.0
Urethral_obstruction,0.995236263896,nan,3.0
Proctitis_ulcerative,0.995236263896,nan,3.0
Hypolipidaemia,0.995236263896,nan,3.0
Kaposi's_sarcoma,0.995236263896,nan,3.0
Atrioventricular_dissociation,0.9851112416,nan,6.0
Toxoplasmosis,0.984732824427,nan,5.0
Vocal_cord_paralysis,0.983822903363,nan,5.0
Enlarged_clitoris,0.982819441697,nan,5.0
Androgenetic_alopecia,0.979667953444,nan,4.0
Polyserositis,0.977099236641,nan,3.0
Osteonecrosis_of_jaw,0.972328244275,nan,4.0
Infectious_mononucleosis,0.970839501156,nan,3.0
Malnutrition,0.96575528014,nan,3.0
Blood_pressure_systolic_decreased,0.961851411101,nan,3.0
Vocal_cord_paresis,0.961832061069,nan,5.0
Intestinal_ischaemia,0.961365564037,nan,6.0
Soft_tissue_necrosis,0.958015267176,nan,4.0
Blunted_affect,0.953244274809,nan,3.0
Gastrointestinal_neoplasm,0.946608423069,nan,4.0
Large_intestinal_obstruction,0.94179389313,nan,3.0
Phlebosclerosis,0.936796177323,nan,4.0
Ureteric_obstruction,0.935877243333,0.620763,13.0
Hepatic_neoplasm,0.932251908397,nan,4.0
Gastrointestinal_toxicity,0.929397542041,nan,10.0
Nephrocalcinosis,0.925207287222,nan,3.0
Acute_lymphocytic_leukaemia,0.919852165752,nan,4.0
Plantar_erythema,0.915781118488,nan,6.0
Floppy_iris_syndrome,0.907591937027,nan,4.0
Polymyalgia_rheumatica,0.901155413655,0.689782,12.0
Palmar-plantar_erythrodysaesthesia_syndrome,0.899097181445,nan,6.0
Pericarditis_constrictive,0.898557455084,nan,3.0
Metabolic_alkalosis,0.898518421398,nan,4.0
Atrial_tachycardia,0.89829556143,nan,9.0
Bladder_irritation,0.897786993541,nan,5.0
Panniculitis,0.897231977864,nan,3.0
Balanoposthitis,0.893169580039,nan,6.0
Autoimmune_disorder,0.891978444064,nan,3.0
Acquired_haemophilia,0.891978444064,nan,3.0
Evans_syndrome,0.891978444064,nan,3.0
Autoimmune_thrombocytopenia,0.891978444064,nan,3.0
Meningitis_bacterial,0.88971932778,nan,3.0
Leukoplakia_oral,0.886538461538,nan,5.0
Acute_leukaemia,0.883335119554,0.612749,16.0
Renal_tubular_acidosis,0.882863234008,nan,8.0
Cryptococcosis,0.882517816579,nan,6.0
Vein_discolouration,0.880407124682,nan,4.0
Pseudolymphoma,0.877163973991,nan,4.0
Presyncope,0.876736568103,nan,4.0
Burkitt's_lymphoma,0.875959663066,nan,5.0
Gastritis_haemorrhagic,0.86979121315,nan,4.0
Blood_uric_acid_increased,0.867916796263,0.527242,18.0
Retinopathy_of_prematurity,0.867605868865,nan,3.0
Hand_and_foot_syndrome_secondary_to_sickle_cell_anaemia,0.866293236989,nan,7.0
Lymphocyte_count_decreased,0.865285074352,nan,3.0
Normochromic_normocytic_anaemia,0.864983740556,nan,8.0
Hypochloraemia,0.864907877672,0.576575,11.0
Schizoaffective_disorder,0.864768925212,nan,4.0
Spinal_cord_disorder,0.862404032458,nan,4.0
Clonic_convulsion,0.860460355064,nan,4.0
Nuchal_rigidity,0.858645455473,nan,4.0
Acute_febrile_neutrophilic_dermatosis,0.856692406692,nan,8.0
Neutrophilic_dermatosis,0.856692406692,nan,8.0
Cancer_in_remission,0.856647630792,nan,10.0
Regressive_behaviour,0.856234096692,nan,5.0
Endometritis,0.855872933156,nan,5.0
Albright's_disease,0.855704389555,nan,4.0
Scleral_haemorrhage,0.855285945104,nan,3.0
Secondary_adrenocortical_insufficiency,0.855057767127,0.888372,12.0
Head_and_neck_cancer,0.854007633588,nan,4.0
Light_anaesthesia,0.853053435115,nan,3.0
Pustular_psoriasis,0.852812162295,nan,10.0
Vascular_headache,0.851019924022,nan,7.0
Renal_cyst,0.850350979819,nan,5.0
Onychomycosis,0.850248327291,nan,7.0
Tumour_pain,0.848464976913,nan,6.0
Mental_retardation,0.847328244275,nan,3.0
Graft_loss,0.846263158763,0.532361,12.0
Sensory_loss,0.845896743458,nan,6.0
Haemorrhagic_stroke,0.844984772571,nan,10.0
Bladder_dysfunction,0.84272800897,nan,8.0
Autonomic_nervous_system_imbalance,0.842661649102,nan,7.0
Quadriplegia,0.840986646153,nan,9.0
Nasal_disorder,0.839905088091,nan,3.0
Pneumonia_aspiration,0.8393452929,0.657035,11.0
Retinal_vascular_disorder,0.838326154484,nan,6.0
Inguinal_hernia,0.836419291387,nan,6.0
Eczema_infected,0.834959945433,nan,3.0
Bone_density_decreased,0.834959945433,nan,3.0
Myoglobinuria,0.831389864453,nan,3.0
Pyogenic_granuloma,0.827625073772,nan,3.0
Cervix_disorder,0.826343134125,nan,3.0
Pulseless_electrical_activity,0.823044593039,nan,3.0
Infertility_female,0.822058436431,nan,4.0
Pharyngitis_streptococcal,0.821966180371,nan,6.0
Pregnancy_test_positive,0.821707556413,nan,7.0
Paraparesis,0.821612079327,0.829597,15.0
Facial_paresis,0.82142196352,nan,9.0
Small_intestinal_obstruction,0.818691651265,nan,5.0
Athetosis,0.814515426813,nan,3.0
Chorioretinitis,0.813684570896,nan,3.0
Faecalith,0.811906584456,0.477879,18.0
Lip_dry,0.810236684646,nan,10.0
Umbilical_cord_compression,0.809160305344,nan,3.0
Spinal_cord_compression,0.809160305344,nan,3.0
Parotitis,0.807779565264,nan,8.0
Spine_malformation,0.806355588577,nan,4.0
Bladder_disorder,0.805874840358,nan,5.0
Retinal_vein_occlusion,0.805434878334,nan,6.0
Chapped_lips,0.804566016398,nan,6.0
Lymphocytic_leukaemia,0.802261585057,nan,8.0
Injection_site_haemorrhage,0.799452491976,0.547244,14.0
Hypopyon,0.797757174318,nan,5.0
Cataract_nuclear,0.797757174318,nan,5.0
Spinal_cord_infarction,0.797757174318,nan,5.0
Cataract_cortical,0.797757174318,nan,5.0
Cushing's_syndrome,0.796230326002,0.987378,12.0
Tendinous_contracture,0.795990010367,nan,7.0
Conjunctivitis_allergic,0.790763262028,nan,3.0
Eyelids_pruritus,0.790763262028,nan,3.0
Ovarian_disorder,0.790119782589,0.510639,17.0
Cardiac_tamponade,0.789873262869,nan,7.0
Hypertrophic_cardiomyopathy,0.789459409186,0.875427,16.0
Lichen_planus,0.786408247328,nan,10.0
Parkinsonian_gait,0.785305343511,nan,3.0
Lacrimation_decreased,0.785036023125,nan,4.0
Sulphaemoglobinaemia,0.782323033667,nan,3.0
Pyoderma,0.782110922413,nan,8.0
Nail-patella_syndrome,0.781488549618,nan,3.0
Nephrosclerosis,0.781488549618,nan,3.0
Peliosis_hepatis,0.781078615561,nan,10.0
Ventricular_hypertrophy,0.780817345369,nan,3.0
Masked_facies,0.780393393078,nan,5.0
Venous_occlusion,0.780288638193,nan,7.0
Tooth_impacted,0.779208334078,0.505159,24.0
Rhinitis_perennial,0.778416347382,nan,6.0
Intestinal_haemorrhage,0.77830223038,nan,3.0
Neutropenic_sepsis,0.777539256609,nan,10.0
Encephalitis,0.777189375853,nan,10.0
Stillbirth,0.777021380895,nan,8.0
Joint_crepitation,0.776778026103,nan,3.0
Ingrowing_nail,0.776742712294,nan,4.0
Peripheral_motor_neuropathy,0.776709811049,nan,9.0
Lipoatrophy,0.776365609932,nan,6.0
Urogenital_disorder,0.775301659496,nan,10.0
Fat_embolism,0.7728515625,0.917992,15.0
Myelitis_transverse,0.771292532863,nan,4.0
Pressure_of_speech,0.77118828549,nan,3.0
Blindness_cortical,0.771061105975,0.763283,23.0
Heart_rate_irregular,0.770236401022,0.412931,12.0
Myelofibrosis,0.765638968652,nan,5.0
Blood_cholesterol_increased,0.764921282399,0.497024,23.0
Dental_plaque,0.764367816092,nan,6.0
Lung_infection,0.763216753447,nan,10.0
Capillary_permeability,0.762466675408,nan,3.0
Large_intestine_perforation,0.762466675408,nan,3.0
Liver_function_test_normal,0.762466675408,nan,3.0
Exophthalmos,0.75945830775,0.793608,27.0
Cerebellar_syndrome,0.758453618102,0.577214,11.0
Duodenal_ulcer_perforation,0.757837652783,nan,3.0
Muscle_fatigue,0.757553768903,nan,3.0
Monocyte_count_increased,0.75628634178,nan,3.0
Varices_oesophageal,0.755080634588,nan,4.0
Renal_failure_chronic,0.753746481673,0.468844,12.0
Hypoglycaemic_coma,0.753160102168,nan,3.0
Varicella,0.752976530247,0.514865,16.0
Motion_sickness,0.751758334964,nan,7.0
Motor_dysfunction,0.751530387551,nan,5.0
Breast_engorgement,0.748888074248,0.437322,12.0
Organising_pneumonia,0.747169520544,nan,8.0
Lymphoproliferative_disorder,0.745648955642,0.777625,19.0
Adrenal_disorder,0.744964561824,nan,6.0
Injection_site_infection,0.744731741152,nan,10.0
Colon_cancer,0.744681023921,nan,7.0
Acute_pulmonary_oedema,0.74367118738,nan,6.0
Ophthalmoplegia,0.743038624073,0.537942,11.0
Facial_pain,0.742967607488,nan,5.0
Testicular_pain,0.74245012969,0.644025,15.0
Carbohydrate_tolerance_decreased,0.74206671056,0.88833,28.0
Telangiectasia,0.741188421634,0.8445,20.0
Hyperparathyroidism,0.740458015267,nan,3.0
Abscess_sterile,0.739977422692,0.850144,16.0
Calcinosis,0.738833729146,0.808091,15.0
Glomerulonephritis_membranous,0.737950976693,nan,3.0
Prostatic_adenoma,0.737127390938,nan,3.0
Glomerulosclerosis,0.736899573962,nan,6.0
Chronic_allograft_nephropathy,0.736899573962,nan,6.0
Post_transplant_lymphoproliferative_disorder,0.736899573962,nan,6.0
Hepatic_artery_thrombosis,0.736899573962,nan,6.0
Focal_segmental_glomerulosclerosis,0.736899573962,nan,6.0
Arterial_spasm,0.735619997465,nan,6.0
Withdrawal_syndrome,0.733603257782,0.709148,25.0
Drug_hypersensitivity,0.732300638551,0.359816,16.0
Bladder_spasm,0.732049398141,0.819444,11.0
Eosinophil_count_increased,0.731773956109,nan,6.0
Pregnancy_test_false_positive,0.731677746537,nan,6.0
Sick_sinus_syndrome,0.730805627612,nan,8.0
Acute_abdomen,0.730579059767,nan,8.0
Hydrocephalus,0.730092695761,0.469934,11.0
Upper_gastrointestinal_haemorrhage,0.729986204947,nan,5.0
Skin_warm,0.729961832061,nan,3.0
Application_site_atrophy,0.729961832061,nan,3.0
Asteatosis,0.729961832061,nan,3.0
Lymphocele,0.729705748026,nan,7.0
Mycobacterial_infection,0.729705748026,nan,7.0
Sinus_arrest,0.728221260061,0.603346,17.0
Myocarditis,0.727785158353,0.537633,21.0
Lymphangitis,0.727603068989,nan,8.0
Febrile_neutropenia,0.727503609968,0.849944,70.0
Varicose_vein,0.727295541525,0.555871,33.0
Hypopnoea,0.726145038168,nan,3.0
Corneal_degeneration,0.724676951765,nan,3.0
Hepatosplenomegaly,0.72442383397,0.579502,11.0
Suicidal_behaviour,0.723655347899,nan,4.0
Obliterative_bronchiolitis,0.722838191229,nan,10.0
Acute_coronary_syndrome,0.722581316071,nan,7.0
Sticky_skin,0.722127320417,0.537867,18.0
Acute_psychosis,0.722049324721,nan,9.0
Respiration_abnormal,0.721208310179,nan,6.0
Pancreatitis_haemorrhagic,0.721022835131,0.475192,14.0
Diabetic_hyperosmolar_coma,0.720942298203,nan,3.0
Compression_fracture,0.719369505561,0.914266,22.0
Haematological_malignancy,0.71918002273,nan,5.0
Necrotising_fasciitis,0.718916591685,nan,4.0
Ichthyosis,0.718554762063,0.776738,21.0
Lenticular_opacities,0.718011507895,0.535819,18.0
Hemianopia,0.717400453011,nan,7.0
Hyperprolactinaemia,0.716323676021,0.497919,17.0
Second_primary_malignancy,0.716289542125,0.836513,24.0
Anaemia_macrocytic,0.716037058785,nan,7.0
Paronychia,0.715565375261,nan,6.0
Muscle_mass,0.715486654885,0.934488,21.0
Skin_test_positive,0.715486654885,0.929211,21.0
Alkalosis_hypokalaemic,0.715486654885,0.943541,21.0
Red_blood_cell_count_decreased,0.714327657076,nan,9.0
Ileitis,0.713920817369,nan,5.0
Atrioventricular_block_second_degree,0.713845834536,0.745549,19.0
Haemangioma,0.713673218964,nan,9.0
Cytomegalovirus_infection,0.71329172921,0.414691,12.0
Gastric_haemorrhage,0.713282247765,nan,6.0
Wound_infection,0.712651704221,0.457147,14.0
Rash_macular,0.712450236013,0.701469,11.0
Lactic_acidosis,0.711820094162,0.476054,11.0
Grimacing,0.711660329531,nan,3.0
Nodal_arrhythmia,0.71150999901,0.557815,12.0
Salmonellosis,0.711363695366,nan,7.0
Leukoplakia,0.711285231944,nan,6.0
Basal_cell_carcinoma,0.711029568323,0.426488,21.0
Renal_papillary_necrosis,0.710302256279,nan,8.0
Neutropenic_infection,0.709790874525,nan,4.0
Electrolyte_imbalance,0.70927526683,0.683175,45.0
Skin_cancer,0.70903479851,0.625588,36.0
Swollen_tongue,0.708770497436,0.473116,16.0
Mass,0.708687351864,0.798029,44.0
Skin_fragility,0.708417419789,nan,4.0
Nasal_oedema,0.707820429277,nan,5.0
Dermal_cyst,0.707327139371,nan,6.0
Pulmonary_toxicity,0.707263873799,0.77141,20.0
Nail_discolouration,0.707128218836,nan,8.0
Metastases_to_liver,0.706356634494,nan,4.0
Pruritus_generalised,0.705888641644,0.516442,14.0
Porphyria,0.704972674194,0.543857,25.0
Pericardial_effusion,0.704232649146,0.791205,41.0
Lipids_abnormal,0.704198473282,nan,3.0
Hepatitis_chronic_active,0.704181402888,nan,10.0
Breast_discharge,0.703702475685,nan,10.0
Bronchiolitis,0.703591437212,0.484195,11.0
Hypopituitarism,0.702935068149,nan,5.0
Oral_disorder,0.702530787174,0.54543,13.0
Arrhythmia_supraventricular,0.702371375901,0.582906,21.0
Peroneal_nerve_palsy,0.702094293368,nan,9.0
Oesophagitis_ulcerative,0.702056205773,0.92532,26.0
Transplant_rejection,0.70195873008,nan,8.0
Hydronephrosis,0.701957650884,0.698224,23.0
Nitrogen_balance_negative,0.701882743643,0.904662,24.0
Asthenopia,0.701557472945,nan,4.0
Granuloma,0.701540329189,nan,9.0
Genital_discharge,0.701335877863,nan,3.0
Amyotrophic_lateral_sclerosis,0.701239262076,nan,4.0
Vascular_anomaly,0.700803208126,nan,7.0
Mucosal_inflammation,0.700532112768,0.86692,48.0
Cor_pulmonale,0.700408285684,nan,3.0
Muscle_atrophy,0.699420849421,0.602179,14.0
Benign_intracranial_hypertension,0.699236886312,0.853533,39.0
Hypercapnia,0.699133602299,nan,4.0
Soft_tissue_disorder,0.699129862533,nan,5.0
Torticollis,0.697735313057,0.527924,21.0
Gastric_cancer,0.697360740838,nan,7.0
Transfusion_reaction,0.697268742925,nan,4.0
Ischaemic_neuropathy,0.696276386522,nan,4.0
Odynophagia,0.696005979656,nan,5.0
Myocardial_rupture,0.695943464799,0.929168,19.0
Pharyngeal_disorder,0.695827665942,nan,5.0
Dependence,0.695389999327,0.84112,17.0
Amyloidosis,0.694496850782,nan,3.0
Bundle_branch_block_left,0.691163807699,nan,4.0
Eye_inflammation,0.689731805301,nan,9.0
Elderly,0.68937036186,0.569203,25.0
Extravasation,0.687772951342,0.799553,70.0
Eyelid_disorder,0.687721874348,nan,5.0
Arteritis,0.687552195472,nan,9.0
Choking_sensation,0.687318416691,nan,4.0
Intraocular_pressure_increased,0.686908946977,0.767552,44.0
Bladder_pain,0.686771536915,0.476799,11.0
Pulmonary_arterial_hypertension,0.686664925164,nan,3.0
Lens_disorder,0.68665577342,0.69354,26.0
Tinea_infection,0.686364832851,nan,5.0
Disinhibition,0.685188187097,nan,6.0
Squamous_cell_carcinoma,0.68476660463,0.424372,20.0
Lymphoedema,0.683798301375,0.621039,25.0
Idiopathic_pulmonary_fibrosis,0.683588761175,nan,6.0
Red_blood_cell_abnormality,0.683373230635,nan,7.0
Nodal_rhythm,0.683252013582,nan,6.0
Protein_total_decreased,0.68320610687,nan,3.0
Breast_mass,0.682850269156,nan,7.0
Malignant_melanoma,0.681463508922,0.59654,25.0
Optic_atrophy,0.68034038832,0.651973,13.0
Ascites,0.680306672842,0.785647,49.0
Hyperadrenocorticism,0.679953468656,0.905614,24.0
Cardiomegaly,0.67902750796,0.829658,45.0
Abnormal_behaviour,0.678768430311,nan,9.0
Conjunctival_haemorrhage,0.677666556635,0.584508,25.0
Cranial_nerve_paralysis,0.677657755902,nan,6.0
Ketosis,0.676906927052,nan,10.0
Vaginal_infection,0.676678344266,nan,10.0
Acute_respiratory_distress_syndrome,0.675792007151,0.673929,27.0
Atrioventricular_block_first_degree,0.675099387094,0.616356,20.0
Gastrointestinal_oedema,0.674829872007,nan,5.0
Ileus_paralytic,0.67481884058,0.854463,34.0
Lung_neoplasm_malignant,0.674290237471,0.292067,20.0
Feeling_drunk,0.673806269549,nan,7.0
Growth_retardation,0.673797280526,0.759232,18.0
Endometrial_stromal_sarcoma,0.673514060155,nan,9.0
Dermatomyositis,0.672879802677,nan,8.0
Breast_enlargement,0.671989946014,0.81627,53.0
Hyporeflexia,0.671942755556,0.62143,33.0
Onycholysis,0.671692833303,0.454873,21.0
Fluid_retention,0.671443850006,0.78288,66.0
Ketonuria,0.670752217188,nan,6.0
Skin_striae,0.670659463901,0.948941,41.0
Eye_swelling,0.670639715755,nan,10.0
Infertility,0.670296238485,0.448177,18.0
Hirsutism,0.670192586253,0.882682,79.0
Abdominal_mass,0.670088619812,nan,4.0
Mucous_membrane_disorder,0.669852514892,0.736312,33.0
Corneal_deposits,0.66921963172,0.540287,12.0
Ovarian_failure,0.668618072953,nan,5.0
Bronchopneumonia,0.667655937074,nan,6.0
Cataract_subcapsular,0.667069805055,0.925682,36.0
Increased_tendency_to_bruise,0.666646409122,0.443706,12.0
Necrosis_ischaemic,0.666569172273,nan,5.0
Leukoderma,0.666506533681,0.850695,44.0
Gastrointestinal_tract_irritation,0.666091978102,0.467377,21.0
Septic_shock,0.665685328185,0.672001,13.0
Hyperphosphataemia,0.665286127421,0.736761,29.0
Lipoma,0.664547763407,nan,7.0
Dermatitis_atopic,0.664335578524,0.602455,30.0
Nasal_septum_perforation,0.663148670542,0.873243,15.0
Neoplasm_skin,0.663013450774,0.567978,23.0
Saliva_altered,0.662213740458,nan,3.0
Subarachnoid_haemorrhage,0.661385171499,0.406018,13.0
Tachyarrhythmia,0.661363321133,0.582961,11.0
Multiple_hereditary_exostosis,0.661261837502,nan,10.0
Fluid_overload,0.661076224317,0.642104,33.0
Pelvic_inflammatory_disease,0.660285770209,nan,7.0
Sepsis,0.660267212548,0.792624,117.0
Bradykinesia,0.659971821134,0.542019,14.0
Optic_ischaemic_neuropathy,0.659786488522,nan,9.0
Nasal_discomfort,0.659586505854,0.774592,19.0
Pituitary_tumour,0.659351145038,nan,3.0
Blood_glucose_increased,0.658829479613,0.689648,35.0
Metabolic_disorder,0.658719574736,nan,7.0
Skin_lesion,0.658460184322,0.507052,12.0
Angina_unstable,0.65840246355,0.564607,17.0
Hypoproteinaemia,0.657771454595,0.673574,32.0
Hordeolum,0.657267272641,0.352703,11.0
Cleft_palate,0.65683535468,0.830885,11.0
Plantar_fasciitis,0.656781024246,nan,4.0
Iron_deficiency,0.656744381744,0.415064,13.0
Iron_deficiency_anaemia,0.656744381744,0.529857,13.0
Macular_degeneration,0.656662563866,nan,9.0
Cervical_dysplasia,0.656572747067,nan,5.0
Antisocial_behaviour,0.656501548491,nan,6.0
Cardiogenic_shock,0.656252917058,0.48675,11.0
Coombs_test_positive,0.656235071608,nan,6.0
Bacteraemia,0.655725540171,nan,8.0
Oesophageal_spasm,0.655686064925,nan,7.0
Dizziness_postural,0.655572483914,0.400643,17.0
Azoospermia,0.655336944719,0.669932,30.0
High_density_lipoprotein_decreased,0.655128205128,nan,7.0
Skin_toxicity,0.654883538853,nan,9.0
Personality_change,0.654752926812,0.669278,24.0
Alkalosis,0.654521196946,0.788473,37.0
Osteonecrosis,0.654211787872,0.792867,44.0
Blepharospasm,0.653840954468,0.553394,12.0
Platelet_disorder,0.653790586242,nan,10.0
Prostate_cancer,0.653448358046,nan,10.0
Congenital_cardiovascular_anomaly,0.652536305498,nan,3.0
Testicular_swelling,0.651737451737,nan,10.0
Retinal_vein_thrombosis,0.651477484328,nan,7.0
Dysplasia,0.650641446044,nan,10.0
Acute_myeloid_leukaemia,0.650394580627,0.86328,16.0
Feeling_cold,0.650358260096,0.689614,28.0
Hyperuricosuria,0.650343079411,nan,3.0
Tongue_coated,0.650205482029,nan,7.0
Eclampsia,0.650117551447,nan,3.0
Breast_disorder_male,0.650057102859,nan,6.0
Hypomania,0.649464747139,0.535803,15.0
Hypocholesterolaemia,0.649151092393,nan,4.0
Diaphragmatic_hernia,0.649145801529,0.510857,15.0
Multi-organ_failure,0.649025645878,0.549519,12.0
Methaemoglobinaemia,0.648951110579,0.585314,15.0
Dyspnoea_exertional,0.648682596712,0.449393,12.0
Tongue_ulceration,0.647633653536,nan,9.0
Hypohidrosis,0.646993422846,nan,9.0
Sleep_apnoea_syndrome,0.64604883398,0.620956,11.0
Pain_in_jaw,0.645842547357,0.687012,25.0
Affective_disorder,0.644879981662,nan,9.0
Fasciitis,0.644152872779,nan,10.0
Rash_pustular,0.643344099599,0.76564,43.0
Skin_hypertrophy,0.642996969484,0.70143,39.0
Localised_infection,0.642838630529,nan,8.0
Epidermolysis_bullosa,0.642449767483,nan,4.0
Sinus_tachycardia,0.642141637004,0.754896,29.0
Conduction_disorder,0.641970518679,0.483719,17.0
Endometriosis,0.641909384535,nan,9.0
Dermatitis_acneiform,0.641821126209,0.957548,34.0
Tearfulness,0.641596716485,nan,7.0
Salivary_gland_enlargement,0.641142176786,0.468869,20.0
Cardiomyopathy,0.641136394518,0.778035,54.0
Atrioventricular_block_complete,0.641103206092,0.767858,18.0
Dyspareunia,0.640523829477,0.39735,11.0
Gangrene,0.640061352439,0.527778,11.0
Bone_marrow_failure,0.639851499193,0.814863,97.0
Progressive_multifocal_leukoencephalopathy,0.639660672345,0.743711,16.0
Scrotal_oedema,0.639158479558,0.422678,16.0
Abnormal_sensation_in_eye,0.638976896879,nan,10.0
Intestinal_perforation,0.638692143211,0.456141,21.0
Blood_glucose_decreased,0.638060050532,0.497563,21.0
Virilism,0.637830827634,nan,5.0
Deafness,0.637790748077,0.774147,88.0
Pulse_abnormal,0.637404580153,nan,3.0
Retinal_degeneration,0.637174798518,nan,4.0
Punctate_keratitis,0.637145101649,nan,10.0
Sarcoma,0.637070997846,nan,9.0
Portal_vein_thrombosis,0.637039950663,nan,4.0
Corneal_infection,0.636172602488,nan,10.0
Tumour_invasion,0.636172602488,nan,10.0
Nasal_dryness,0.635306147246,0.586772,22.0
Electrocardiogram_change,0.635259653936,0.57109,26.0
Neoplasm,0.635227871033,0.768188,127.0
Vitreous_haemorrhage,0.634757684771,nan,4.0
Tumour_lysis_syndrome,0.634701894998,0.742971,20.0
Aphthous_stomatitis,0.634607838344,0.588828,38.0
Scab,0.633513643,0.473545,20.0
Disability,0.63310897104,nan,10.0
Iridocyclitis,0.632812521929,0.838942,14.0
Myeloid_leukaemia,0.632655882611,0.508547,19.0
Hypernatraemia,0.632610691927,0.806804,53.0
Hypoxia,0.632586460562,0.811818,73.0
Cervicitis,0.632407434282,nan,4.0
Productive_cough,0.632399239657,0.409802,11.0
Energy_increased,0.632080963188,nan,6.0
Oesophagitis,0.631840966342,0.777206,153.0
Polycythaemia,0.631832054218,0.689773,24.0
Lupus_miliaris_disseminatus_faciei,0.631758755381,0.946706,23.0
Premature_menopause,0.631577798554,nan,5.0
Corneal_opacity,0.631141204415,0.530695,17.0
Lacrimal_disorder,0.631100596475,0.434938,27.0
Hair_texture_abnormal,0.630918908944,nan,6.0
Blindness_transient,0.630720991204,nan,8.0
Diverticulum,0.629560560764,nan,4.0
Speech_disorder,0.629455178228,0.823249,81.0
Cardiac_murmur,0.629347645052,0.570182,18.0
Paresis,0.629288560046,0.739414,40.0
Pain_of_skin,0.629271048237,nan,9.0
Xanthopsia,0.629015688318,0.841923,14.0
Atelectasis,0.62901509215,0.59116,28.0
Osteoporosis,0.628782005711,0.850289,80.0
Stupor,0.628631738027,0.777492,59.0
Endocarditis,0.62839872776,nan,6.0
Skin_tightness,0.628365384615,nan,8.0
Pharyngeal_oedema,0.627293866264,0.578438,13.0
Herpes_simplex,0.627023786804,0.793317,109.0
Skin_irritation,0.626558830771,0.565345,33.0
Pulmonary_fibrosis,0.626371267194,0.739711,53.0
International_normalised_ratio_increased,0.626308233091,nan,7.0
Abscess,0.626133764753,0.756335,99.0
Personality_disorder,0.625747069198,0.663946,36.0
Hernia,0.625465991519,0.798492,68.0
Frequent_bowel_movements,0.625329366606,0.359515,11.0
Drug_withdrawal_syndrome,0.625206662707,0.512424,12.0
Insulinoma,0.624845213642,nan,3.0
Aminoaciduria,0.624845213642,nan,3.0
Ocular_hyperaemia,0.624808827727,0.544758,16.0
Renal_tubular_necrosis,0.624427660826,0.54792,24.0
Interstitial_lung_disease,0.624415276756,0.779764,85.0
Rash_generalised,0.624371070343,0.701657,31.0
Bone_marrow_toxicity,0.624140855781,nan,4.0
Grand_mal_convulsion,0.623975667921,0.62213,38.0
Postmenopausal_haemorrhage,0.623956507627,nan,8.0
Immunosuppression,0.623781870998,0.868188,34.0
Status_epilepticus,0.623554186054,0.617333,12.0
Osteopenia,0.623487360987,0.391621,12.0
Hepatorenal_syndrome,0.623091603053,nan,4.0
Urine_analysis_abnormal,0.622782081307,nan,5.0
Gingivitis,0.622692217466,0.82793,75.0
Hypovitaminosis,0.622452627235,nan,6.0
Polymyositis,0.62213740458,nan,3.0
Mental_disability,0.622119307998,nan,9.0
Cellulitis,0.620677061348,0.801936,87.0
Rheumatoid_arthritis,0.620615540397,0.386705,20.0
Tachypnoea,0.619704571218,0.463501,20.0
Oedema_mouth,0.619431940135,nan,4.0
Deficiency_anaemia,0.619035314384,0.485867,15.0
Infusion_site_reaction,0.618842416561,nan,5.0
Epididymitis,0.618696308239,0.503489,24.0
Nasal_ulcer,0.618633311947,0.908397,14.0
Menstruation_irregular,0.618422769609,0.838869,62.0
Peripheral_sensory_neuropathy,0.618338219056,0.672575,19.0
Adrenal_insufficiency,0.618279323158,0.746086,29.0
Cushingoid,0.618176407921,0.870991,39.0
Herpes_zoster,0.617968303246,0.812743,78.0
Cachexia,0.617807353091,0.542892,25.0
Hypotonia,0.617431754612,0.806582,56.0
Genital_candidiasis,0.616150710509,0.578494,14.0
Sluggishness,0.615293273309,nan,9.0
Myelodysplastic_syndrome,0.614345291476,0.708405,19.0
Haemorrhoids,0.614298001288,0.719241,53.0
Priapism,0.614034565719,0.744289,38.0
Psychiatric_symptom,0.61380783967,nan,9.0
Oral_pain,0.61376009283,0.569968,14.0
Sudden_death,0.613378627839,0.728681,37.0
Sexual_dysfunction,0.613361067106,0.608202,40.0
Fasting,0.613355568926,0.607269,29.0
Contrast_media_reaction,0.612515600964,nan,4.0
Amenorrhoea,0.612448914174,0.807388,77.0
Skin_necrosis,0.612425704041,0.66037,29.0
Red_blood_cell_sedimentation_rate_increased,0.612380662172,0.543839,22.0
Cutaneous_vasculitis,0.612214271517,0.734836,15.0
Sleep_talking,0.612118925299,nan,4.0
Chorea,0.61138025767,0.510964,18.0
Oral_herpes,0.611375150706,nan,6.0
Miliaria,0.611043057534,0.891661,34.0
Cerumen_impaction,0.610977273387,nan,4.0
Vascular_insufficiency,0.610963319037,nan,6.0
Flank_pain,0.610898108179,0.484732,22.0
Paraplegia,0.610281015301,0.785591,20.0
Infection_susceptibility_increased,0.610230466461,0.527007,13.0
Emphysema,0.61012149744,0.511281,11.0
Neoplasm_malignant,0.60985134007,0.784123,112.0
Colitis_ischaemic,0.609800072446,0.603683,18.0
Bradyphrenia,0.609777062819,nan,5.0
Alveolar_proteinosis,0.609325391022,nan,7.0
Vitreous_detachment,0.608877031371,0.637458,12.0
Polyarteritis_nodosa,0.608655218407,nan,10.0
Blood_sodium_increased,0.607948020162,nan,10.0
Crocodile_tears_syndrome,0.607534860104,0.546225,17.0
Papilloedema,0.60724716455,0.804498,42.0
Hyperuricaemia,0.60686351699,0.798165,108.0
Alcohol_abuse,0.606770489514,nan,6.0
Cardio-respiratory_arrest,0.606333242109,0.527456,17.0
Breast_feeding,0.605890351132,0.759616,49.0
Hypertrophy,0.605853309714,0.774005,144.0
Ejaculation_disorder,0.605849738403,0.752944,36.0
Duodenal_ulcer,0.605844287008,0.62475,39.0
Arachnoiditis,0.605808886862,0.706334,20.0
Breast_cancer,0.60569831851,0.773092,35.0
Adenocarcinoma,0.605672592745,nan,6.0
Chest_discomfort,0.605535876411,0.79907,64.0
Polyneuropathy,0.605517394164,0.51245,21.0
Bruxism,0.605446866327,0.518814,14.0
Diverticulitis,0.605438211321,0.69217,22.0
Photopsia,0.605428107374,0.348996,18.0
Nephrogenic_diabetes_insipidus,0.605332949581,nan,7.0
Psychomotor_retardation,0.605044699872,nan,5.0
Coma_hepatic,0.604776777112,0.686196,11.0
Eustachian_tube_disorder,0.60427865915,nan,4.0
Extradural_abscess,0.604107483647,nan,3.0
Seasonal_allergy,0.60392079064,0.648798,16.0
Ovarian_cyst,0.603780412831,0.688646,20.0
Disturbance_in_attention,0.603600969668,0.483648,23.0
Lymphoma,0.603568247841,0.742998,42.0
Faecal_incontinence,0.603296655854,0.670771,41.0
Urine_abnormality,0.602669445513,0.74759,51.0
Aspiration,0.602602909284,0.411993,27.0
Duodenitis,0.602258259101,0.598478,24.0
Ileus,0.602187146816,0.811111,88.0
Mucosal_ulceration,0.601940975061,nan,5.0
Pancreatitis,0.601717639508,0.759527,240.0
Dementia,0.601134143775,0.522352,27.0
Mitral_valve_incompetence,0.601049183983,nan,8.0
Schizophrenia,0.600855000829,nan,4.0
Collagen_disorder,0.600103426294,nan,5.0
Pigmentation_disorder,0.599964973845,0.781193,56.0
Hepatic_steatosis,0.599761647012,0.598648,30.0
Myopathy,0.599530674082,0.806869,87.0
Papule,0.599080699662,0.48659,11.0
Deep_vein_thrombosis,0.598663929795,0.742362,93.0
Haemoglobin_decreased,0.598406996075,0.830613,50.0
Antidiuretic_hormone_abnormality,0.598379002931,nan,5.0
Blood_culture_positive,0.598282442748,nan,3.0
Parathyroid_disorder,0.598112126273,nan,9.0
Osteoporotic_fracture,0.598025001619,0.44503,11.0
Tooth_disorder,0.597663032155,0.76986,80.0
Sinus_bradycardia,0.59711009361,0.707134,39.0
Cutaneous_lupus_erythematosus,0.596974489821,nan,7.0
Glaucoma,0.59695556207,0.83354,85.0
Libido_increased,0.596613453384,0.821554,53.0
Central_obesity,0.596374045802,nan,3.0
Hyperchloraemia,0.595833333333,nan,7.0
Rash_follicular,0.595568967983,nan,8.0
Eye_irritation,0.595495919648,0.855516,79.0
Polymenorrhoea,0.595125968711,nan,3.0
Nail_disorder,0.594614652272,0.872075,65.0
Skin_hyperpigmentation,0.594547936452,0.844064,52.0
Opportunistic_infection,0.594256028815,0.512184,17.0
Uterine_haemorrhage,0.594064704173,0.567127,34.0
Cystitis_haemorrhagic,0.593843005952,0.479651,20.0
Red_blood_cell_count_increased,0.592822105477,nan,3.0
Systemic_lupus_erythematosus,0.592541607601,0.869048,78.0
Tic,0.592541409533,nan,6.0
Disseminated_intravascular_coagulation,0.592511020938,0.651034,37.0
Leiomyoma,0.592400446885,0.333223,15.0
Retinitis_pigmentosa,0.592329592427,0.483026,28.0
Bone_pain,0.592258924448,0.779998,99.0
Intermittent_claudication,0.592189475511,0.415766,17.0
Herpes_virus_infection,0.592083655657,0.796064,134.0
Night_blindness,0.592067490024,nan,9.0
Eye_infection,0.591756138393,0.721663,29.0
Diabetes_mellitus,0.591378272258,0.780693,138.0
Bone_disorder,0.591248094729,0.541402,42.0
Neutropenic_colitis,0.59101183122,nan,9.0
Pancreatic_disorder,0.590859169242,0.734962,32.0
Blood_urea_increased,0.590645122627,0.844152,97.0
Autonomic_neuropathy,0.590364948653,0.615915,24.0
Micturition_urgency,0.590345317229,0.704278,49.0
Hypermagnesaemia,0.590251170711,nan,8.0
Impaired_healing,0.589930082987,0.86208,54.0
Aphonia,0.589694656489,nan,5.0
Hostility,0.58966946468,0.755235,41.0
Hemiparesis,0.589229714679,0.417832,16.0
Tension_headache,0.589115233643,nan,8.0
Neuroleptic_malignant_syndrome,0.589105070008,0.834081,42.0
Acne,0.588934801027,0.738401,162.0
Glucose_tolerance_impaired,0.58888758155,0.813703,36.0
Folliculitis,0.588797214634,0.851327,68.0
Pneumonia,0.588172486832,0.728284,228.0
Oropharyngeal_candidiasis,0.587635147651,nan,6.0
Balanitis,0.586780540804,0.581017,12.0
Proctitis,0.586551417539,0.61689,21.0
Electrocardiogram_abnormal,0.586524617669,0.747632,54.0
Alveolitis,0.586435959199,0.498553,16.0
Cyst,0.585330075454,0.803075,74.0
Blindness,0.58517644327,0.73347,89.0
Movement_disorder,0.58456921682,0.527619,15.0
Urine_output,0.584336080445,0.572946,24.0
Osteomalacia,0.584174779682,nan,7.0
Parity,0.583871161677,nan,7.0
Incontinence,0.583831763223,0.770696,143.0
Ageusia,0.583659181085,0.812992,76.0
Blister,0.583437706818,0.739403,65.0
Coombs_direct_test_positive,0.583422778772,0.983384,12.0
Sneezing,0.583324296228,0.73954,51.0
Skin_atrophy,0.583021549732,0.964292,36.0
Venous_insufficiency,0.582868367253,nan,4.0
Cholangitis_sclerosing,0.582680139998,nan,5.0
Breast_tenderness,0.582656310491,0.706618,25.0
Pulmonary_congestion,0.582490644819,0.589168,31.0
Pathological_fracture,0.582408900747,0.807737,48.0
Dystonia,0.58224513344,0.813481,71.0
Asphyxia,0.582109758256,0.535025,12.0
Sensitisation,0.582101276492,0.596572,29.0
Parotid_gland_enlargement,0.581787679842,0.698892,16.0
Wound_haemorrhage,0.581256763476,nan,6.0
Blepharitis,0.58096467887,0.746848,54.0
Urine_flow_decreased,0.580814261226,nan,4.0
Dysphemia,0.580810739668,nan,6.0
Tendonitis,0.580320072549,0.54795,35.0
Skin_ulcer,0.580146629643,0.808078,81.0
Haemoptysis,0.580104200571,0.796333,73.0
Peripheral_ischaemia,0.579879195602,0.489735,25.0
Fibrocystic_breast_disease,0.579713169656,0.529321,11.0
Cholestasis,0.579675995754,0.806254,72.0
Psychomotor_skills_impaired,0.579636779009,nan,6.0
Tachycardia,0.579476760756,0.750568,385.0
Alopecia,0.579389647706,0.744294,314.0
Obstructive_airways_disorder,0.578939323646,0.451271,18.0
Acidosis,0.578708218174,0.80588,80.0
Neutropenia,0.578428218584,0.843134,226.0
Anal_pruritus,0.578327930052,nan,10.0
Hyperventilation,0.578234762355,0.842202,65.0
Cholangitis,0.57792674161,0.480959,20.0
Pancreatitis_acute,0.577776996668,0.478856,31.0
Haemorrhage_intracranial,0.577749846377,0.37952,21.0
Genital_disorder_female,0.577740918258,nan,7.0
Gravitational_oedema,0.577633219657,0.585569,18.0
Drug_intolerance,0.577621413206,nan,4.0
Neurological_symptom,0.577413194863,0.607048,13.0
Pleuritic_pain,0.576774577305,nan,8.0
Tooth_abscess,0.576736524733,0.676804,42.0
Pyuria,0.576589228505,0.75165,42.0
Depersonalisation,0.576251094915,0.836543,59.0
Sensation_of_pressure,0.576060628303,nan,5.0
Palpitations,0.575753818447,0.759182,291.0
Delirium,0.575527358078,0.764701,78.0
Peptic_ulcer,0.575318929798,0.81859,71.0
Ischaemia,0.575156447431,0.784338,120.0
Rectal_tenesmus,0.574830858165,0.664938,29.0
Mania,0.574746688709,0.81778,50.0
Cleft_lip,0.574162627347,nan,3.0
Ovarian_hyperstimulation_syndrome,0.574162627347,nan,3.0
Gastric_polyps,0.573704378484,nan,5.0
Hypochromic_anaemia,0.573510161865,0.601477,36.0
Oedema_genital,0.573500195733,nan,7.0
Menstruation_delayed,0.57343550447,nan,6.0
Vaginal_discharge,0.573400815372,0.763612,62.0
Endometrial_hyperplasia,0.573353568125,nan,5.0
Oral_mucosal_blistering,0.573157635039,nan,3.0
Weight_decreased,0.57306987647,0.770119,180.0
Skin_haemorrhage,0.572727096818,nan,4.0
Optic_neuritis,0.572669574146,0.746235,54.0
Leukaemia,0.572643519968,0.683816,39.0
Sensation_of_foreign_body,0.572548566125,0.683326,30.0
Penis_disorder,0.572246239979,0.605357,15.0
Cardiac_flutter,0.571886352919,0.59047,36.0
Feeling_abnormal,0.571328083344,0.56939,23.0
Completed_suicide,0.571253360215,0.841833,63.0
Coma,0.570970794805,0.774905,121.0
Urinary_tract_infection,0.570922664223,0.769366,214.0
Intestinal_ulcer,0.570637094567,nan,8.0
Essential_hypertension,0.570610687023,nan,3.0
Hyperlipidaemia,0.570495780881,0.815643,67.0
Rash_erythematous,0.570229824032,0.74739,58.0
Gingival_hyperplasia,0.570212618622,0.625396,28.0
Hypophosphataemia,0.570201485897,0.831567,52.0
Iritis,0.569925168696,0.604912,27.0
Becker's_muscular_dystrophy,0.569911667102,nan,3.0
Apraxia,0.56953662025,nan,9.0
Bronchospasm_paradoxical,0.569433757872,nan,8.0
Dermatitis_bullous,0.56941329722,0.797539,88.0
Petechiae,0.569306264768,0.822639,86.0
Platelet_count_decreased,0.569167857532,0.68702,43.0
Enteritis,0.569161758251,0.504621,27.0
Hormone_level_abnormal,0.568961423846,nan,9.0
Renal_function_test_abnormal,0.568886115384,nan,4.0
Amnesia,0.568750738316,0.760916,133.0
Loss_of_consciousness,0.568573796242,0.741274,53.0
Haemolysis,0.568567277013,0.561722,32.0
Skin_disorder,0.568528933987,0.80002,120.0
Periodontitis,0.568162393162,0.612761,11.0
Thrombophlebitis,0.568084258617,0.820605,156.0
Gynaecomastia,0.56797458702,0.808095,123.0
Cogwheel_rigidity,0.56796006113,0.424206,13.0
Throat_tightness,0.567824771307,0.799435,37.0
Hypokinesia,0.567796678929,0.774326,63.0
Gastrointestinal_disorder,0.567698686475,0.735356,253.0
Coronary_artery_thrombosis,0.567366227855,nan,9.0
Retinitis,0.567168859154,nan,10.0
Rash_papular,0.567109027721,0.556411,30.0
Transaminases_increased,0.567029650035,0.793659,52.0
Cerebral_venous_thrombosis,0.566922087094,nan,3.0
Respiratory_tract_infection_viral,0.56679389313,nan,3.0
Encephalopathy,0.56636700385,0.825645,67.0
Weight_increased,0.566307016345,0.753821,223.0
Nystagmus,0.566264095398,0.847001,63.0
Clonus,0.566157760814,nan,5.0
Hyperkalaemia,0.566072446911,0.793829,94.0
Tuberculosis,0.566036504763,nan,10.0
Oesophageal_disorder,0.56601865394,0.795106,62.0
Epilepsy,0.56578091395,0.490433,20.0
Migraine,0.565764038728,0.760115,148.0
Nephropathy_toxic,0.565591580245,0.906982,52.0
Anorectal_disorder,0.565081975773,0.818691,61.0
Menorrhagia,0.564822633426,0.77319,85.0
Apnoea,0.564742743423,0.815921,78.0
Abdominal_distension,0.564537597498,0.751606,184.0
Otitis_externa,0.564534603003,0.538811,28.0
Mydriasis,0.56430778821,0.839575,76.0
Necrosis,0.564244651184,0.755468,190.0
Azotaemia,0.564186501265,0.83553,53.0
Endocrine_disorder,0.564123880821,0.79027,44.0
Eczema,0.563988672797,0.781505,145.0
Congenital_anomaly,0.563343454149,0.581719,27.0
Cardiac_arrest,0.563284200944,0.75649,160.0
Hepatic_enzyme_increased,0.563281510099,0.782585,97.0
Eyelid_oedema,0.563118148721,0.50855,16.0
Thrombotic_thrombocytopenic_purpura,0.563019407215,0.616519,25.0
Hangover,0.562638600139,0.646264,12.0
Pulmonary_oedema,0.562596689727,0.767799,131.0
Dry_throat,0.562179727534,0.456176,33.0
Vision_blurred,0.562159727769,0.805852,282.0
Somnambulism,0.562082330928,0.50878,11.0
Jaundice,0.561993895585,0.726555,267.0
Nodule,0.56170483118,0.643059,45.0
Erythema_nodosum,0.56169230541,0.849137,39.0
Metastasis,0.561602890324,nan,9.0
Hypothyroidism,0.561395512724,0.730942,58.0
Crystalluria,0.561352292016,0.635392,28.0
Urinary_incontinence,0.561304164224,0.790224,118.0
Hypocalcaemia,0.561191736319,0.787723,76.0
Back_pain,0.560909896766,0.737344,287.0
Cataract,0.560776023643,0.826545,132.0
Leukoencephalopathy,0.560701943441,0.872188,26.0
Leukopenia,0.560563712464,0.790648,357.0
Protrusion_tongue,0.560115195483,0.949984,22.0
Depressive_symptom,0.559982610746,nan,6.0
Pneumonia_streptococcal,0.559603079433,nan,6.0
Pulmonary_haemorrhage,0.559243374261,0.492206,21.0
Respiratory_depression,0.559209182343,0.639802,50.0
Hepatic_cirrhosis,0.559204793028,0.57504,29.0
Hyperbilirubinaemia,0.559169109914,0.791732,90.0
Conjunctivitis,0.559156503054,0.741467,226.0
Retinal_artery_occlusion,0.559140732041,nan,5.0
Euphoric_mood,0.559052007751,0.811843,111.0
Pruritus_genital,0.558960673344,0.557237,26.0
Dyskinesia,0.558503042738,0.854022,73.0
Flatulence,0.558489264813,0.759648,267.0
Liver_function_test_abnormal,0.558464707787,0.786447,153.0
Inflammation,0.558463210817,0.810446,116.0
Drug_abuse,0.5584435873,0.655084,30.0
Cardiac_failure_congestive,0.558409827292,0.813829,171.0
Toxic_epidermal_necrolysis,0.558376715568,0.800066,204.0
Mouth_ulceration,0.558249272773,0.793479,126.0
Paranoia,0.558167449466,0.813306,57.0
Elastosis_perforans,0.558015484676,nan,8.0
Anaemia_megaloblastic,0.557723441623,0.554468,15.0
Burning_sensation,0.557656981626,0.797816,59.0
Vitreous_disorder,0.557205092532,nan,7.0
Lichenoid_keratosis,0.557143966627,nan,7.0
Mediastinal_disorder,0.556933689864,0.781047,114.0
Breath_odour,0.556909265001,0.570163,27.0
Extensor_plantar_response,0.556860070241,nan,3.0
Oculogyric_crisis,0.556676184128,0.776295,26.0
Hypotension,0.556596539514,0.752057,387.0
Antinuclear_antibody_positive,0.556228440108,0.575453,27.0
Diabetic_coma,0.556127187763,nan,3.0
Ejection_fraction_decreased,0.556090906452,nan,3.0
Metabolic_acidosis,0.555990276784,0.610793,30.0
Nephropathy,0.55583162243,0.883726,63.0
Cardiac_death,0.555467810601,nan,5.0
Transient_ischaemic_attack,0.555168420606,0.748581,44.0
Anaemia,0.55508316558,0.806591,417.0
Stomatitis,0.554468307802,0.79096,220.0
Neoplasm_prostate,0.554357864541,nan,5.0
Ear_malformation,0.554334473984,nan,4.0
Alveolitis_allergic,0.554268967858,0.555274,15.0
Prurigo,0.553540481178,0.477621,28.0
Nervousness,0.553459467645,0.769565,272.0
Effusion,0.553186669366,0.829935,95.0
Neutrophil_count_increased,0.55302238795,nan,5.0
Ulcer_haemorrhage,0.553011026293,nan,6.0
Dermatitis_diaper,0.552480916031,nan,4.0
Thyroid_neoplasm,0.552095708346,nan,8.0
Fibrosis,0.551929564773,0.761992,70.0
Vasculitis,0.551709197157,0.788433,148.0
Menometrorrhagia,0.550981272607,nan,9.0
Generalised_oedema,0.550888175273,0.68342,51.0
Hypomagnesaemia,0.550647345853,0.726074,51.0
Glycosuria,0.550553826679,0.827747,105.0
Thrombocytopenia,0.550440541056,0.806264,409.0
Xerophthalmia,0.550440111797,0.482919,23.0
Bronchospasm,0.550256040097,0.778139,167.0
Tetany,0.549488702304,0.425434,20.0
Hyponatraemia,0.549453319461,0.827872,132.0
Pemphigus,0.549436493094,0.493156,16.0
Chronic_myeloid_leukaemia,0.549279454095,nan,5.0
Mental_disorder,0.549038965394,0.779506,140.0
Rosacea,0.548972873973,0.435272,12.0
Onychomadesis,0.548820224446,nan,4.0
Scotoma,0.548758549218,0.816056,71.0
Ataxia,0.548708867602,0.818044,162.0
Obstruction,0.54862150468,0.770919,103.0
Disease_progression,0.548478668787,0.493782,34.0
Vasculitis_necrotising,0.548461395932,0.749035,17.0
Ejaculation_failure,0.548153767408,0.655743,13.0
Gastrointestinal_candidiasis,0.547997920555,nan,9.0
Reticulocytosis,0.547758910384,nan,5.0
Infestation,0.547449989977,0.803111,110.0
Aplasia,0.547438755009,0.636169,27.0
Neurogenic_bladder,0.547358555619,nan,4.0
Dehydration,0.5472869216,0.785289,146.0
Major_depression,0.547277304817,0.4936,18.0
Orthostatic_hypotension,0.547095499435,0.778369,169.0
Asthma,0.547012348945,0.763285,176.0
Oedema_peripheral,0.546809452862,0.749937,239.0
Dyspnoea,0.546806234623,0.742346,424.0
Hypertension,0.546670549136,0.744634,362.0
Intracranial_pressure_increased,0.546579361678,0.768294,51.0
Ventricular_tachycardia,0.546473776244,0.850097,87.0
Injection_site_pain,0.545933565028,0.810534,72.0
Memory_impairment,0.545591810493,0.775906,49.0
Cardiac_failure_acute,0.545511276231,nan,3.0
Uveitis,0.545419992963,0.502835,24.0
Pallor,0.545026946382,0.797927,73.0
Aphasia,0.544735932417,0.823969,50.0
Local_reaction,0.544688938376,0.808875,46.0
Fungal_skin_infection,0.544679491273,0.753684,47.0
Keratitis,0.544635862152,0.797628,71.0
Dysphoria,0.544281443194,0.578511,18.0
Eye_pruritus,0.543774192666,0.527132,28.0
Hair_disorder,0.54377013296,nan,9.0
Yawning,0.543717633929,0.740668,29.0
Hepatic_necrosis,0.543147809272,0.801996,65.0
Psychotic_disorder,0.542999103627,0.766708,130.0
Chills,0.542747681541,0.755439,267.0
Infarction,0.542506349269,0.748399,218.0
Delusion,0.54248752938,0.83365,56.0
Dysphonia,0.542413608448,0.80153,94.0
Leukocytosis,0.542333235092,0.791207,98.0
Injection_site_reaction,0.542284911506,0.770605,81.0
Nausea,0.542156363893,0.810474,660.0
Inappropriate_antidiuretic_hormone_secretion,0.542101826548,0.793544,49.0
Atrophy,0.542030151375,0.84246,79.0
Gout,0.541548187288,0.806592,99.0
Drug_interaction,0.541381427048,0.815933,77.0
Mood_swings,0.541352340917,0.766886,149.0
Dysuria,0.541347695072,0.77409,199.0
Hypersensitivity,0.5412995073,0.792398,504.0
Erythema_multiforme,0.541173431985,0.773141,201.0
Hyperhidrosis,0.540913899974,0.74496,393.0
Angina_pectoris,0.540818830949,0.762301,188.0
Akinesia,0.54061832988,0.421407,19.0
Hepatomegaly,0.540589795022,0.839664,69.0
Psoriasis,0.540079168002,0.832762,61.0
Hyperacusis,0.54007367393,0.718974,28.0
Sinusitis,0.539383608968,0.738993,237.0
Coagulopathy,0.539196135181,0.562556,37.0
Haematocrit_decreased,0.539194452284,0.571286,24.0
Respiratory_rate_decreased,0.539084359432,nan,6.0
Renal_colic,0.53877389574,nan,9.0
Mastitis,0.538671631114,0.373078,23.0
Candida_infection,0.538584680504,0.812476,140.0
Capillary_fragility,0.538419377718,nan,6.0
Dry_skin,0.538241288962,0.780826,166.0
Intestinal_obstruction,0.538213111705,0.820272,63.0
Libido_decreased,0.538125096404,0.786685,136.0
Scar,0.538035819143,nan,5.0
Primary_hypothyroidism,0.538011929295,nan,3.0
Ear_disorder,0.53801011021,0.672206,42.0
Panic_disorder,0.53789655658,nan,6.0
Superinfection,0.537823368222,0.803831,15.0
Nocturia,0.537799171065,0.790115,110.0
Abnormal_dreams,0.537709030808,0.812029,86.0
Haemolytic_anaemia,0.537706897398,0.803311,162.0
Alanine_aminotransferase_increased,0.537616599258,0.770707,132.0
Lymphocytosis,0.537606672073,0.698994,25.0
Enterocolitis,0.537382955206,0.777813,45.0
Hepatitis,0.53728398099,0.748527,283.0
Carpal_tunnel_syndrome,0.537193065255,0.652147,24.0
Piloerection,0.537110980622,nan,7.0
Sedation,0.536699621345,0.856661,67.0
Pyelonephritis,0.536686891619,0.695611,37.0
Confusional_state,0.536630196108,0.759663,352.0
Dissociation,0.536407219562,0.751943,44.0
Wheezing,0.536354872777,0.84308,82.0
Vaginal_neoplasm,0.536125301135,nan,3.0
Uterine_enlargement,0.536125301135,nan,3.0
Skin_discolouration,0.535967751665,0.817003,86.0
Microangiopathy,0.535661112673,nan,10.0
Scleritis,0.535253392388,0.714281,12.0
Peritonitis,0.534882058411,0.578648,25.0
Myocardial_ischaemia,0.534731443824,0.79591,72.0
Jaundice_cholestatic,0.534730058319,0.764539,96.0
Eye_pain,0.534676250079,0.734206,117.0
Increased_appetite,0.534650181967,0.770969,160.0
Bronchitis,0.534122338045,0.753287,203.0
Pericarditis,0.53408377296,0.814527,54.0
Drooling,0.533926158682,0.406609,11.0
Lung_disorder,0.533857624035,0.783471,70.0
Musculoskeletal_disorder,0.533750030425,0.683548,40.0
Embolism,0.533344681334,0.752931,143.0
Erectile_dysfunction,0.53322953306,0.750528,201.0
Emotional_distress,0.533223257224,0.492582,27.0
Dermatitis_contact,0.532997760342,0.802713,120.0
Urinary_retention,0.532965449015,0.798327,164.0
Impaired_gastric_emptying,0.532492060674,nan,8.0
Thrombosis,0.532409418557,0.727278,144.0
Death,0.53213090992,0.752809,194.0
Decreased_appetite,0.532113104445,0.761394,420.0
Prostatitis,0.531760359026,0.444046,12.0
Haematochezia,0.531755293599,0.626542,30.0
Coronary_artery_disease,0.531723022791,0.679575,45.0
Diplopia,0.531711120612,0.798673,139.0
Renal_pain,0.531690652295,0.785369,50.0
Angioedema,0.531610304644,0.764609,287.0
Ear_pain,0.531375811676,0.796373,137.0
Erythropenia,0.531305933687,nan,4.0
Uterine_spasm,0.531268211421,nan,10.0
Suicidal_ideation,0.531240958898,0.805219,40.0
Renal_tubular_disorder,0.530950012801,0.76948,45.0
Seborrhoeic_dermatitis,0.530814200984,0.816457,58.0
Pulmonary_embolism,0.53041703913,0.718263,112.0
Arthropathy,0.530369229069,0.779674,110.0
Nephrotic_syndrome,0.530306514569,0.734449,48.0
Neurosis,0.530306231325,0.676449,29.0
Neuritis,0.530269047949,0.766603,92.0
Syncope,0.53007716732,0.726656,321.0
Lymphadenopathy,0.530042468499,0.754827,143.0
Acute_generalised_exanthematous_pustulosis,0.529964221825,nan,9.0
Ventricular_fibrillation,0.529841311088,0.862837,59.0
Salpingitis,0.529774996048,0.427578,13.0
Aggression,0.529676301892,0.824192,87.0
Oesophageal_ulcer,0.529518332543,0.697459,38.0
Oesophageal_stenosis,0.529299079299,nan,9.0
Somnolence,0.529141660939,0.791027,420.0
Gastric_ulcer,0.529099219206,0.811298,55.0
Throat_irritation,0.528826475339,0.627542,36.0
Rhinorrhoea,0.528632578966,0.86514,60.0
Neurodermatitis,0.528578788494,nan,3.0
Agranulocytosis,0.528434421502,0.810201,212.0
Tongue_disorder,0.528259162917,0.548793,25.0
Vitreous_floaters,0.528076373716,0.677144,18.0
Breast_pain,0.527671322642,0.783613,75.0
Pelvic_pain,0.527575069959,0.817519,64.0
Cystitis,0.527301620713,0.733929,131.0
Respiratory_arrest,0.526916410221,0.686591,28.0
Cheilitis,0.526886544535,0.327346,23.0
Uterine_disorder,0.526754424475,0.490744,12.0
Salivary_hypersecretion,0.526598159272,0.821717,104.0
Capillary_leak_syndrome,0.526596619549,nan,4.0
Chest_pain,0.526286523876,0.719894,329.0
Pseudomembranous_colitis,0.526284776019,0.939515,48.0
Shock,0.526200288508,0.781693,176.0
Myocardial_infarction,0.526073415152,0.756291,211.0
Dysphagia,0.525919128825,0.776862,187.0
Benign_neoplasm,0.525917612694,nan,10.0
Gastritis,0.525893777858,0.776012,164.0
Renal_impairment,0.525739193881,0.798687,133.0
Abdominal_pain,0.525598945854,0.745078,478.0
Venous_thrombosis,0.525491503157,0.742252,89.0
Cardiac_disorder,0.525358514397,0.755613,131.0
Dysaesthesia,0.525287406629,0.502333,28.0
Neuralgia,0.525214669856,0.779044,77.0
Disorientation,0.525144507052,0.836875,80.0
Anaphylactoid_reaction,0.52508539466,0.700411,168.0
Dysarthria,0.524959269691,0.776662,81.0
Splenomegaly,0.524935400517,0.50592,17.0
Constipation,0.524840928432,0.784975,415.0
Suicide_attempt,0.52465603087,0.489225,36.0
Fontanelle_bulging,0.52433441399,nan,9.0
Pharyngitis,0.524294253046,0.737738,271.0
Bradycardia,0.524233070374,0.755597,229.0
Purpura,0.524126743692,0.750157,214.0
Retching,0.523943386938,0.386658,17.0
Metrorrhagia,0.523760469036,0.835406,80.0
Cough,0.52374051679,0.765996,344.0
Myoclonus,0.523715081588,0.786052,55.0
Vaginal_haemorrhage,0.523655372815,0.809248,72.0
Paralysis,0.523649072642,0.742337,107.0
Rhinitis,0.523444293672,0.729202,233.0
Flushing,0.52343313866,0.726549,260.0
Rhabdomyolysis,0.523380272301,0.825983,75.0
Neuropathy_peripheral,0.523278073769,0.771286,230.0
Laryngeal_oedema,0.523216054738,0.809269,55.0
Cyanosis,0.523059273135,0.721712,50.0
Abdominal_tenderness,0.523043714568,nan,9.0
Irritable_bowel_syndrome,0.522850466558,0.408543,19.0
Dermatitis_exfoliative,0.522723134954,0.779203,154.0
Eye_discharge,0.522696031119,nan,7.0
Benign_neoplasm_of_skin,0.522659383713,0.488306,13.0
Dry_mouth,0.522550128293,0.761118,333.0
Hypokalaemia,0.522446333412,0.771329,151.0
Drug_eruption,0.522068145864,0.50091,36.0
Melanocytic_naevus,0.521957236635,nan,9.0
Ear_congestion,0.521860699117,nan,3.0
Perirectal_abscess,0.52172524889,nan,3.0
Urticaria,0.521005213139,0.734164,492.0
Skin_exfoliation,0.5209219287,0.768464,87.0
Hypoaesthesia_oral,0.520915479332,nan,8.0
Hypercholesterolaemia,0.520698037855,0.765884,100.0
Infection,0.520672324861,0.763142,371.0
Hair_colour_changes,0.520647083865,nan,8.0
Muscular_weakness,0.52058525982,0.779416,186.0
Cancer_pain,0.520472197849,nan,5.0
Agitation,0.520377522887,0.773128,242.0
Atrial_fibrillation,0.520374011879,0.775347,129.0
Muscle_twitching,0.520367034968,0.804797,91.0
Erythema,0.520165495956,0.726462,420.0
Pruritus,0.520091764066,0.726791,543.0
Joint_effusion,0.520070821119,nan,4.0
Strabismus,0.520052570614,0.392372,14.0
Vertigo,0.519708315982,0.729884,334.0
Tooth_hypoplasia,0.519708199534,nan,5.0
Serum_sickness,0.519637354759,0.720229,48.0
Urinary_hesitation,0.519542962743,0.589287,24.0
Arthralgia,0.519518041754,0.740763,352.0
Eye_disorder,0.518998026666,0.755237,123.0
Jaundice_neonatal,0.51887300963,nan,3.0
Arthritis,0.518597480058,0.783336,146.0
Myalgia,0.518526662046,0.759008,355.0
Respiratory_failure,0.518184952622,0.794469,57.0
Cardiovascular_disorder,0.518172507562,0.804282,78.0
Muscle_contractions_involuntary,0.518113716588,0.546427,34.0
Hepatobiliary_disease,0.517982657118,0.776839,83.0
Hyperkeratosis,0.517947344155,0.488047,22.0
Eye_haemorrhage,0.517880090609,0.489807,34.0
Male_sexual_dysfunction,0.517839841456,nan,6.0
Ecchymosis,0.517737000105,0.769206,143.0
Ventricular_arrhythmia,0.517655931033,0.648681,31.0
Breast_neoplasm,0.517576977571,0.455577,36.0
Torsade_de_pointes,0.516981042721,0.795548,51.0
Oliguria,0.516937887056,0.782218,97.0
Gait_disturbance,0.516820662253,0.837978,90.0
Aortic_valve_stenosis,0.516656226175,nan,6.0
Swelling,0.516618493269,0.762494,177.0
Akathisia,0.516468974666,0.85907,45.0
Meningitis,0.516320902658,0.65995,42.0
Myositis,0.516035917845,0.765087,48.0
Dermatitis,0.515780981407,0.735792,313.0
Rhonchi,0.515572717033,nan,5.0
Sinus_headache,0.515229357865,0.480811,27.0
Photosensitivity_reaction,0.515125254973,0.801163,217.0
Liver_disorder,0.514971018647,0.806742,76.0
Otitis_media,0.514970965259,0.815928,94.0
Goitre,0.514745660634,0.647097,34.0
Neutrophil_count_decreased,0.514271288129,0.700883,11.0
Periorbital_oedema,0.51423511522,0.671202,27.0
Left_ventricular_failure,0.514114087865,nan,4.0
Epidermolysis,0.51404853129,nan,5.0
Glossitis,0.513975397988,0.799889,112.0
Sleep_disorder,0.513948407075,0.772602,109.0
Haematemesis,0.51366405818,0.831169,72.0
Hypoprothrombinaemia,0.513543200127,nan,7.0
Cytogenetic_abnormality,0.51354309975,nan,10.0
Hallucination,0.513540078769,0.762019,214.0
Anxiety,0.513254857502,0.703699,339.0
Chromaturia,0.513159551206,0.512938,18.0
Dental_caries,0.513025091923,0.463272,32.0
Cardiac_fibrillation,0.512868442696,0.761701,153.0
Opisthotonus,0.512474972728,0.487692,14.0
Precocious_puberty,0.512415547951,nan,4.0
Lung_neoplasm,0.512404580153,nan,3.0
Lipohypertrophy,0.511940756654,nan,7.0
Prostatic_disorder,0.511787397189,0.731997,47.0
Eczema_herpeticum,0.511704244032,nan,7.0
Joint_swelling,0.511319168871,0.450454,31.0
Convulsion,0.511277249377,0.737085,356.0
Cerebrovascular_accident,0.511264294787,0.758238,146.0
Tenosynovitis,0.511221070511,0.44696,27.0
Lung_infiltration,0.510991087653,0.720535,37.0
Albuminuria,0.510434933417,0.780113,87.0
Myopia,0.510342582716,0.50525,16.0
Thirst,0.51031239638,0.798018,125.0
Face_oedema,0.510180685147,0.733269,171.0
Arterial_disorder,0.509933546706,0.55186,42.0
Insomnia,0.50988299295,0.758672,410.0
Benign_prostatic_hyperplasia,0.509621572122,0.452557,12.0
Hiccups,0.509407547881,0.760031,107.0
Vulvovaginitis,0.509263147635,0.419776,14.0
Pollakiuria,0.509213711893,0.802987,191.0
Chronic_obstructive_pulmonary_disease,0.509039831948,0.691444,17.0
Malaise,0.509034931645,0.723338,388.0
Obesity,0.508817838904,nan,10.0
Epigastric_discomfort,0.508754255482,0.72809,31.0
Hypomenorrhoea,0.508753928097,nan,7.0
Apathy,0.508564048451,0.852088,62.0
Laryngospasm,0.508432565772,0.80071,58.0
Gastroenteritis,0.507995424655,0.785783,150.0
Abnormal_faeces,0.507815987193,0.426393,18.0
Loss_of_libido,0.507733360355,0.657483,23.0
Epistaxis,0.507561892177,0.729752,223.0
Bipolar_disorder,0.506837938178,nan,5.0
Joint_stiffness,0.50681208982,0.5466,23.0
Transient_global_amnesia,0.506770537418,nan,3.0
Prothrombin_level_increased,0.506489195361,0.63971,29.0
Rales,0.506443620223,0.624155,23.0
Hepatic_pain,0.506373416925,nan,4.0
Premature_labour,0.506361323155,nan,5.0
Pleural_effusion,0.506285410043,0.806661,82.0
Thrombocytosis,0.506243977017,0.736283,46.0
Lethargy,0.505829307518,0.727895,121.0
Thrombocytopenic_purpura,0.505810692629,0.843551,61.0
Eyelid_ptosis,0.505809759546,0.79036,49.0
Eructation,0.505693478779,0.775578,106.0
Amylase_increased,0.505604341401,0.542041,29.0
Teratogenicity,0.505502414218,0.540583,17.0
Tinnitus,0.505440474328,0.781798,261.0
Temperature_intolerance,0.505398140723,0.672201,11.0
Vestibular_disorder,0.505303661626,0.517188,11.0
Tremor,0.504966201304,0.724988,292.0
Hypersexuality,0.504635635169,nan,6.0
Hepatitis_fulminant,0.504457750255,0.563191,15.0
Ear_infection,0.504391690046,0.835589,117.0
Aplasia_pure_red_cell,0.504195253794,0.680875,11.0
Supraventricular_tachycardia,0.50374244016,0.768661,61.0
Oligomenorrhoea,0.503741237948,nan,7.0
Nephrolithiasis,0.503587407984,0.778613,78.0
Vulvovaginal_candidiasis,0.502886555201,0.705669,49.0
Dysmenorrhoea,0.50233869212,0.739676,96.0
Influenza,0.502028666459,0.739189,263.0
Atrioventricular_block,0.501837171801,0.825128,114.0
Diabetes_insipidus,0.501540259551,0.627501,11.0
Hypoglycaemia,0.501512850075,0.775241,144.0
Hepatic_function_abnormal,0.501378685803,0.757654,205.0
Asthenia,0.501029067534,0.75844,482.0
Body_temperature_increased,0.500990833281,0.741708,445.0
Sudden_cardiac_death,0.500988204672,nan,4.0
Polyp,0.500886321501,0.70477,39.0
Arrhythmia,0.500749337329,0.753031,265.0
Nervous_system_disorder,0.500704198149,0.762413,167.0
Headache,0.500691747987,0.738737,619.0
Ulcerative_keratitis,0.500368899579,0.758562,21.0
Enuresis,0.500312941652,0.509116,17.0
Blood_creatinine_increased,0.500056003367,0.782835,126.0
Coordination_abnormal,0.500040082234,0.845284,90.0
Polycystic_ovaries,0.499850037249,nan,3.0
Hyperthyroidism,0.499814443129,0.502377,28.0
Lymphadenitis,0.499789618827,nan,7.0
Haemolytic_uraemic_syndrome,0.499711903911,0.489089,16.0
Menstrual_disorder,0.499377458674,0.827006,67.0
Hypoalbuminaemia,0.499228124593,0.56586,15.0
Affect_lability,0.499141221374,nan,7.0
Rectal_haemorrhage,0.499052751269,0.80337,91.0
Amblyopia,0.498589290662,0.820663,76.0
Skin_papilloma,0.49842404343,0.548912,18.0
Neck_pain,0.498312507088,0.835583,94.0
Blood_bilirubin_increased,0.49823671654,0.827362,64.0
Vaginal_inflammation,0.498189876469,0.830903,114.0
Pneumothorax,0.498143982382,0.552962,22.0
Pemphigoid,0.498079641103,0.39098,15.0
Inflammatory_bowel_disease,0.497944151059,0.849882,23.0
Nightmare,0.497845839363,0.851551,76.0
Atrial_flutter,0.49736830475,0.49254,26.0
Parosmia,0.496938430155,0.719318,51.0
Breast_disorder,0.496466022799,0.798989,68.0
Diarrhoea,0.496311127676,0.770738,560.0
Hypercalcaemia,0.496079607758,0.717121,51.0
Pathological_gambling,0.496055979644,nan,7.0
Pseudoporphyria,0.496007160187,nan,7.0
Musculoskeletal_pain,0.495950728216,0.772666,85.0
Urinary_tract_disorder,0.495595122402,0.778275,123.0
Paralysis_flaccid,0.494989684645,nan,9.0
Meningism,0.4946221549,0.627661,11.0
Blighted_ovum,0.494369698742,nan,4.0
Ketoacidosis,0.494163330137,nan,10.0
Osteoarthropathy,0.49407979408,0.455577,14.0
Thinking_abnormal,0.494075467394,0.730907,84.0
Connective_tissue_disorder,0.494001523872,0.797116,103.0
Ulcer,0.493869751718,0.721062,249.0
Type_1_diabetes_mellitus,0.493617959892,nan,5.0
Hyperplasia,0.493204146897,0.666106,45.0
Viral_infection,0.493135008862,0.800331,101.0
Oesophageal_achalasia,0.493061646783,nan,9.0
Cardiac_failure,0.49300119956,0.767597,237.0
Sciatica,0.492987323534,0.457701,17.0
Hearing_impaired,0.492013284851,0.767683,105.0
Toothache,0.491728224766,0.831217,54.0
Paraesthesia,0.491577493907,0.722091,416.0
Nasal_congestion,0.491446387706,0.797135,124.0
Cognitive_disorder,0.491189200051,0.53605,23.0
Discomfort,0.491068545103,0.756696,174.0
Muscle_rigidity,0.490519644063,0.830237,72.0
Ventricular_extrasystoles,0.490162037037,0.801914,80.0
Oropharyngeal_pain,0.490078471551,0.810037,70.0
Splenic_infarction,0.489821882952,nan,5.0
Dysgeusia,0.48926212776,0.692174,251.0
Rash,0.489232473595,0.780915,661.0
Hepatic_failure,0.48912159436,0.79149,150.0
Oral_candidiasis,0.488982028551,0.848115,75.0
Phlebitis,0.488790795829,0.747756,111.0
Extrapyramidal_disorder,0.488724375654,0.869266,73.0
Testicular_atrophy,0.488621794872,nan,7.0
Dyschezia,0.488545962388,nan,5.0
Nephritis,0.488080130837,0.841214,90.0
Female_sexual_dysfunction,0.487966948886,nan,10.0
Eosinophilia,0.487932080006,0.807501,200.0
Musculoskeletal_chest_pain,0.487788915429,0.439454,13.0
Irritability,0.48728606776,0.763643,114.0
Galactorrhoea,0.487230935605,0.823012,51.0
Tubulointerstitial_nephritis,0.487165365033,0.810066,73.0
Night_sweats,0.487159891786,0.588996,27.0
Hyperaemia,0.486887612918,0.717466,53.0
Dry_eye,0.486582573628,0.798105,99.0
Visual_impairment,0.486459386297,0.725059,255.0
Snoring,0.486407241672,nan,7.0
Skin_odour_abnormal,0.485792728005,0.546966,19.0
Tongue_discolouration,0.485766405613,0.734232,42.0
Skin_infection,0.485515743413,0.541636,22.0
Asterixis,0.485371403406,nan,6.0
Hypertrichosis,0.485281265762,0.880906,46.0
Tenderness,0.485218869651,0.753704,149.0
Renal_failure_acute,0.48511959041,0.783167,119.0
Testicular_disorder,0.485036175073,0.557658,17.0
Fatigue,0.484838031742,0.734274,376.0
Dyspepsia,0.484800132993,0.722818,407.0
Atopy,0.484766965309,0.619397,15.0
Puberty,0.484682030592,nan,4.0
Costochondritis,0.484612178644,nan,4.0
Acute_hepatic_failure,0.483884913536,0.426622,15.0
Lacrimation_increased,0.483856015385,0.813636,119.0
Diarrhoea_haemorrhagic,0.483756407881,0.654793,20.0
Talipes,0.483745596007,nan,5.0
Tonsillitis,0.483699014208,0.420681,18.0
Bursitis,0.483628025722,0.694388,50.0
Dizziness,0.4834558291,0.739191,561.0
Pain,0.483171484907,0.764127,590.0
Gingival_disorder,0.483171081582,nan,5.0
Vomiting,0.482929511949,0.759162,616.0
Aspartate_aminotransferase_increased,0.482696694976,0.778046,136.0
Haematuria,0.482624120946,0.757556,208.0
Anuria,0.482622837965,0.631404,23.0
Cardiopulmonary_failure,0.482354124013,nan,5.0
Mobility_decreased,0.482354124013,nan,5.0
Erythema_of_eyelid,0.482188295165,nan,5.0
Nasopharyngitis,0.481981970061,0.815085,104.0
Upper_respiratory_tract_infection,0.481714155748,0.724788,200.0
Retinal_haemorrhage,0.481564271496,0.689832,19.0
Tongue_oedema,0.481507441129,0.685296,43.0
Aplastic_anaemia,0.481372200122,0.855538,116.0
Lymphopenia,0.481041554707,0.788057,41.0
Cold_sweat,0.481031394623,0.414166,16.0
Benign_breast_neoplasm,0.480675098251,nan,7.0
Adenoma_benign,0.480620155039,0.649465,13.0
Optic_nerve_disorder,0.480544268241,0.689622,40.0
Cauda_equina_syndrome,0.480204342273,nan,5.0
Muscle_spasms,0.480170988315,0.728309,328.0
Type_2_diabetes_mellitus,0.480145717606,nan,5.0
Application_site_reaction,0.47985995542,0.493093,35.0
Breast_cancer_male,0.47911365564,nan,4.0
Cholecystitis,0.479067211262,0.793346,53.0
Haematocrit_increased,0.479032194681,nan,8.0
Anaphylactic_shock,0.478825760135,0.744231,283.0
Pain_in_extremity,0.478742094687,0.762636,122.0
Emotional_disorder,0.478695479405,0.467551,12.0
Blood_alkaline_phosphatase_increased,0.478577145623,0.774862,118.0
Immune_system_disorder,0.478567616088,0.79744,97.0
Localised_oedema,0.478451320156,nan,4.0
Cerebral_ischaemia,0.478333876001,0.69414,39.0
Conjunctival_hyperaemia,0.478202612967,0.655174,37.0
Pleurisy,0.477297687532,0.48181,17.0
Cerebrovascular_disorder,0.477119749229,0.377037,29.0
Cholecystitis_acute,0.477099236641,nan,3.0
Body_temperature_decreased,0.476998936755,0.610946,32.0
Hypoaesthesia,0.476679290599,0.75661,246.0
Rash_maculo-papular,0.476423355185,0.745005,111.0
Lower_respiratory_tract_infection,0.476069401245,0.47696,26.0
Buccoglossal_syndrome,0.476050390129,nan,6.0
Depressed_level_of_consciousness,0.475936228421,0.59353,31.0
Abdominal_discomfort,0.475615258096,0.729533,106.0
Quadriparesis,0.475140299165,nan,6.0
Viral_diarrhoea,0.475089291893,0.574922,21.0
Induration,0.474877460226,0.691461,23.0
Colitis,0.474390344745,0.8384,159.0
Hypertriglyceridaemia,0.474357539794,0.670571,44.0
Change_of_bowel_habit,0.474178146296,nan,4.0
Respiratory_acidosis,0.474102400372,nan,4.0
Laboratory_test_abnormal,0.473833826327,0.493737,31.0
Thrombotic_microangiopathy,0.473749877198,nan,9.0
Endometrial_cancer,0.473725391822,nan,8.0
Photophobia,0.473630352418,0.797301,97.0
Respiratory_distress,0.473626532755,0.763975,62.0
Renal_failure,0.473494357925,0.747561,245.0
Abdominal_pain_upper,0.473357960435,0.766273,98.0
Paraesthesia_oral,0.472963800905,0.390199,30.0
Thyroiditis,0.472889301515,nan,10.0
Pleural_disorder,0.472662146608,0.830375,86.0
Heart_disease_congenital,0.472576749307,nan,7.0
Oedema,0.471916267291,0.711721,515.0
Sputum_increased,0.470808023156,0.492798,18.0
Respiratory_tract_infection,0.470683054533,0.723115,209.0
Melaena,0.470400488026,0.802342,109.0
Respiratory_disorder,0.470358996312,0.751519,106.0
Panic_reaction,0.470239713761,0.373168,22.0
Macular_oedema,0.470192307692,0.46871,11.0
Ventricular_dysfunction,0.469354572096,0.631481,18.0
Tardive_dyskinesia,0.468871507637,0.88931,31.0
Choking,0.46886408365,0.650236,12.0
Depression,0.468715889633,0.757686,52.0
Hyperkinesia,0.46866380008,0.763055,135.0
Blood_lactate_dehydrogenase_increased,0.468471575704,0.791799,64.0
Endophthalmitis,0.468314667453,nan,6.0
Angle_closure_glaucoma,0.468296500991,nan,5.0
Hyperreflexia,0.468201403576,0.692823,43.0
White_blood_cell_count_increased,0.46800571975,0.455769,14.0
Miosis,0.467505595279,0.75878,30.0
Faeces_discoloured,0.467363219272,0.550181,11.0
Abnormal_labour,0.46711366539,nan,5.0
Feeling_jittery,0.46669410727,0.528997,27.0
Proteinuria,0.46607091758,0.796424,82.0
Drug_dependence,0.465772328296,0.477491,18.0
Hepatocellular_injury,0.465745285633,0.809857,57.0
Extrasystoles,0.464994832794,0.805763,98.0
Macrocytosis,0.464588859416,nan,6.0
Pulmonary_hypertension,0.464573776011,0.475964,24.0
Cardiac_output_decreased,0.463948085069,0.376277,11.0
Myasthenic_syndrome,0.463623018203,nan,5.0
Uterine_cervical_erosion,0.463591211587,nan,7.0
Uterine_leiomyoma,0.462997795652,0.390765,22.0
Angiopathy,0.462948983447,0.711472,152.0
Corneal_oedema,0.462927397998,nan,9.0
Influenza_like_illness,0.462647956943,0.502568,26.0
Shock_hypoglycaemic,0.4626280721,nan,5.0
Hyperglycaemia,0.462437552687,0.785856,215.0
Sinus_disorder,0.462260522337,nan,6.0
Cholelithiasis,0.461983653553,0.811413,66.0
Chronic_lymphocytic_leukaemia,0.461928625886,nan,4.0
Gastric_ulcer_haemorrhage,0.461915508083,nan,3.0
Blood_pressure_increased,0.461860697326,0.822896,69.0
Bundle_branch_block,0.461767663167,0.689838,53.0
Derealisation,0.4608449592,nan,4.0
Polyuria,0.460767104681,0.784915,126.0
Osteoarthritis,0.460491388398,0.463124,15.0
Gastrointestinal_infection,0.459605597964,nan,9.0
Graft_versus_host_disease,0.458863443596,nan,4.0
Furuncle,0.458805917357,0.61188,42.0
Deformity,0.457879816949,nan,3.0
Bleeding_time_prolonged,0.457272667903,0.600224,26.0
Aneurysm,0.457141194301,0.37885,17.0
Gastrointestinal_pain,0.456816171943,0.526776,29.0
Carcinogenicity,0.456056518215,0.570795,18.0
Choreoathetosis,0.455126883171,0.68083,23.0
Brain_oedema,0.455003049719,0.527966,18.0
Tumour_flare,0.454398330945,nan,6.0
Hypovolaemia,0.453819824348,0.538443,19.0
Laryngitis,0.453133814334,0.791858,81.0
Sensory_disturbance,0.453094616467,0.501442,14.0
Gastrooesophageal_reflux_disease,0.4524137861,0.791663,75.0
Ischaemic_stroke,0.452391742516,nan,8.0
Hot_flush,0.452292839185,0.773638,105.0
Vulvovaginal_disorder,0.452176742418,nan,4.0
Gingival_bleeding,0.451906974559,0.588914,42.0
Hereditary_disorder,0.4511893093,nan,10.0
Muscle_contracture,0.451048305919,0.650203,13.0
Sialoadenitis,0.450787667032,0.549647,14.0
Prothrombin_time_shortened,0.450780066787,nan,6.0
Anterograde_amnesia,0.450769189737,nan,5.0
Breast_disorder_female,0.450683090742,nan,7.0
Haemorrhage,0.450553029351,0.719124,349.0
Peripheral_vascular_disorder,0.450123207885,0.739751,47.0
Lymphatic_disorder,0.450086591395,nan,3.0
Hypotrichosis,0.449648796912,nan,3.0
Tinea_pedis,0.449617353109,nan,3.0
Gastrointestinal_haemorrhage,0.4483600338,0.760928,147.0
Balance_disorder,0.447967430754,0.5067,26.0
Cerebral_thrombosis,0.447583160083,0.551622,13.0
Retinal_detachment,0.447215291225,0.724453,17.0
Tooth_discolouration,0.445858615515,nan,9.0
Premenstrual_syndrome,0.445789835325,0.645609,14.0
Hypercalciuria,0.445409341253,nan,6.0
Microangiopathic_haemolytic_anaemia,0.44515588249,nan,5.0
Bladder_cancer,0.445029183535,nan,10.0
Hypoventilation,0.445017961613,0.501347,25.0
Gastric_disorder,0.444975636232,0.781231,85.0
Supraventricular_extrasystoles,0.44372496982,0.460835,23.0
Hyperaesthesia,0.443292776611,0.761291,55.0
Haemoglobin_increased,0.441831671103,nan,6.0
Blood_glucose_abnormal,0.441756624856,nan,4.0
Vascular_stenosis,0.441451639431,nan,3.0
Feeling_hot,0.441074887283,0.6267,32.0
Hypertonia,0.4404784072,0.755833,134.0
Dysentery,0.439567430025,nan,5.0
Papilloma,0.439357377935,nan,7.0
Sinus_congestion,0.438278501384,0.781092,45.0
Metastatic_neoplasm,0.437511525236,0.397935,11.0
Conjunctival_disorder,0.43740318265,nan,4.0
Lip_swelling,0.43739985833,0.503071,15.0
Epidermal_necrosis,0.437330008533,nan,9.0
Food_allergy,0.435952931083,nan,6.0
Gastrointestinal_carcinoma,0.435859123814,nan,8.0
Polydipsia,0.435700983375,0.513429,15.0
Haemarthrosis,0.435114503817,nan,4.0
Heart_sounds_abnormal,0.434446927699,nan,3.0
Nasal_polyps,0.433648738862,nan,4.0
Hepatic_encephalopathy,0.433155233159,nan,8.0
Thyroid_disorder,0.432694372725,0.473716,15.0
Glossodynia,0.431894394394,0.561677,20.0
Hemiplegia,0.431579585059,0.590982,31.0
Tracheobronchitis,0.4314456277,nan,6.0
Hepatitis_cholestatic,0.431399984949,0.59879,33.0
Haematoma,0.431287551848,0.804897,69.0
Fungal_infection,0.431011255436,0.79081,64.0
Chloasma,0.430309600852,0.680776,13.0
Haemorrhagic_disorder,0.430171265152,nan,5.0
Smear_cervix_abnormal,0.429952326636,nan,4.0
Corneal_erosion,0.429175856133,0.747044,12.0
Anosmia,0.428917299734,0.480775,18.0
Leukocytoclastic_vasculitis,0.428072420635,0.651047,33.0
Ejaculation_delayed,0.427564102564,0.475362,11.0
Breast_abscess,0.426878924289,nan,3.0
White_blood_cells_urine_positive,0.426721742345,nan,5.0
Intestinal_infarction,0.426721427258,nan,4.0
Tracheitis,0.426684386033,nan,5.0
Staphylococcal_infection,0.426208651399,nan,5.0
Water_intoxication,0.425611665688,nan,7.0
Phaeochromocytoma,0.425400334021,nan,6.0
Melanosis,0.42502238795,nan,5.0
Urine_output_increased,0.424210760553,nan,4.0
Oesophageal_perforation,0.423543184435,nan,3.0
Venoocclusive_liver_disease,0.42337164751,nan,6.0
Blood_disorder,0.422491508151,0.608917,40.0
Visual_acuity_reduced,0.422383658944,0.724228,35.0
Application_site_oedema,0.422002243492,nan,3.0
Arteriosclerosis,0.421682393485,0.60984,14.0
Idiopathic_thrombocytopenic_purpura,0.420973789724,nan,8.0
Gamma-glutamyltransferase_increased,0.419428928752,0.714167,38.0
Accommodation_disorder,0.418584816957,0.653017,24.0
Alcohol_intolerance,0.418068552541,0.584272,19.0
Hyperpyrexia,0.41745471681,0.642457,21.0
Synovitis,0.417178680442,nan,10.0
Micturition_disorder,0.417153655195,0.612499,28.0
Bacterial_infection,0.416699308013,0.647829,33.0
Drug_level_increased,0.416275888067,nan,7.0
Abortion_spontaneous,0.416070488454,0.650689,14.0
Meningitis_aseptic,0.415661386921,0.387152,19.0
Scleral_disorder,0.415384615385,nan,8.0
Blood_urine,0.415037774961,0.444923,11.0
Ear_discomfort,0.414500556573,nan,5.0
Skin_candida,0.414285714286,nan,10.0
Deafness_transitory,0.413360229878,nan,3.0
Prothrombin_level_decreased,0.413206681557,0.432541,18.0
Allergic_granulomatous_angiitis,0.413167938931,nan,3.0
Hypospadias,0.413167938931,nan,3.0
Retinal_disorder,0.412629925979,0.673297,31.0
Myelitis,0.412421722416,nan,7.0
Ovarian_cancer,0.412175229417,0.677756,12.0
Cervix_carcinoma,0.412030359978,nan,3.0
Swelling_face,0.41173201292,0.604853,24.0
Blood_pressure_diastolic_decreased,0.411401039097,nan,3.0
Hypogeusia,0.410847144419,nan,4.0
Impetigo,0.410048443922,nan,9.0
Tendon_disorder,0.40905538261,0.472919,22.0
Skin_burning_sensation,0.40890977853,0.613506,11.0
Pulmonary_eosinophilia,0.40839995155,0.508066,19.0
Appendicitis,0.408042196548,0.436763,12.0
Depressed_mood,0.407596440018,0.504618,19.0
Cerebral_haemorrhage,0.406777805727,0.65559,41.0
Immobile,0.406458051076,nan,3.0
Pneumatosis,0.405741154616,nan,3.0
Aortic_aneurysm,0.405154287039,nan,5.0
Polyarthritis,0.404868970511,nan,6.0
Perineal_pain,0.404028717666,0.588065,13.0
Biliary_colic,0.403646010543,0.437634,12.0
Purpura_non-thrombocytopenic,0.403008030498,nan,5.0
Cystoid_macular_oedema,0.402671755725,nan,3.0
Hyperthermia,0.402633442005,0.447812,17.0
Myasthenia_gravis,0.402231282691,0.34238,11.0
Gastrointestinal_perforation,0.402073915395,0.46535,16.0
Porphyria_acute,0.401075378051,nan,4.0
Dandruff,0.400879458973,nan,3.0
Arterial_thrombosis,0.400771974459,0.556306,17.0
Conjunctival_oedema,0.399780611497,0.796654,17.0
Condition_aggravated,0.399593480843,nan,9.0
Respiratory_paralysis,0.398507347652,nan,5.0
Activated_partial_thromboplastin_time_prolonged,0.39777199328,nan,6.0
Electroencephalogram_abnormal,0.397308924462,0.507529,19.0
Colour_blindness,0.397249951067,nan,5.0
Serositis,0.397231977864,nan,4.0
Eye_oedema,0.395593869732,nan,5.0
Hypertensive_crisis,0.395153902017,0.451288,16.0
Glucose_tolerance_decreased,0.39416023166,0.619262,17.0
Mutism,0.394144389755,nan,7.0
Retroperitoneal_haemorrhage,0.391502593894,nan,7.0
Patent_ductus_arteriosus,0.390778865558,nan,8.0
Tension,0.390406231007,0.607887,29.0
Vascular_pain,0.389941846974,nan,5.0
Injection_site_inflammation,0.388524690228,0.672888,25.0
Osteomyelitis,0.387572881468,0.695464,13.0
Mesenteric_artery_thrombosis,0.386700406425,nan,6.0
Stress,0.386216971913,nan,4.0
Vasoconstriction,0.386057692308,nan,8.0
Stridor,0.385105445347,0.602486,24.0
White_blood_cell_count_decreased,0.384106793427,0.531122,27.0
Lactose_intolerance,0.383946971236,nan,3.0
Oestrogen_deficiency,0.383207319027,nan,3.0
Panic_attack,0.379739256961,0.544008,11.0
Diabetic_ketoacidosis,0.379219350212,nan,8.0
Congenital_eye_disorder,0.378841376967,0.401517,13.0
Hepatitis_acute,0.378816793893,nan,4.0
Injection_site_phlebitis,0.378319739936,nan,4.0
Lipase_increased,0.377991452991,0.56689,11.0
Lobar_pneumonia,0.377202275564,nan,3.0
Cerebral_infarction,0.376805528413,0.602403,26.0
Hyperchlorhydria,0.376020258368,nan,9.0
Cerebellar_ataxia,0.373414506719,nan,3.0
Vaginal_cyst,0.369702553304,nan,4.0
Breast_swelling,0.368320610687,nan,5.0
Anger,0.367104475378,0.560417,14.0
Radiculopathy,0.366900890098,nan,5.0
Retrograde_ejaculation,0.366359279169,nan,3.0
Renal_neoplasm,0.366013310845,nan,6.0
Regurgitation,0.365663270862,0.42359,14.0
Cardiac_hypertrophy,0.364786852881,nan,5.0
Necrotising_colitis,0.364405946818,0.333653,11.0
Hypertonic_bladder,0.362000406351,nan,3.0
Urethritis,0.361303338793,0.513501,12.0
Peripheral_coldness,0.36089968073,0.450087,26.0
Subdural_haematoma,0.358808099266,0.60168,13.0
Corneal_disorder,0.358778625954,nan,3.0
Restless_legs_syndrome,0.358289222866,0.316784,11.0
Urethral_haemorrhage,0.358198124982,nan,3.0
Gallbladder_disorder,0.357676149055,0.47834,12.0
Groin_pain,0.357631975284,nan,6.0
Substance_abuse,0.355916030534,nan,3.0
Anoxia,0.355916030534,nan,4.0
Cardiac_valve_disease,0.354506896367,0.661378,14.0
Rhinitis_allergic,0.353396299266,0.54454,11.0
Pupils_unequal,0.353053435115,nan,3.0
Vaginitis_bacterial,0.352435892916,nan,5.0
Hyperlactacidaemia,0.352183323097,nan,6.0
Polycythaemia_vera,0.352093439972,nan,3.0
Chromatopsia,0.34955815926,nan,9.0
Hypoplastic_anaemia,0.347912373378,nan,3.0
Inner_ear_disorder,0.347555108475,nan,10.0
Arterial_insufficiency,0.345800801091,nan,3.0
Trismus,0.345689595728,0.58361,20.0
Fibroadenoma_of_breast,0.34478843335,0.376113,12.0
Scleroderma,0.343590683707,nan,10.0
Left_ventricular_dysfunction,0.343384599706,0.547119,12.0
Appetite_disorder,0.342856910728,nan,5.0
Defaecation_urgency,0.342557251908,nan,3.0
Macule,0.342447480965,nan,7.0
Abdominal_pain_lower,0.342267093548,0.550169,19.0
Haemoglobin_abnormal,0.339920298333,nan,5.0
Hair_growth_abnormal,0.33929622993,nan,7.0
Ventricular_failure,0.336900096635,nan,4.0
Mental_status_changes,0.336656681333,nan,9.0
Menopausal_symptoms,0.335235068358,nan,8.0
Anorgasmia,0.334569121511,0.596717,16.0
Labyrinthitis,0.334166718305,0.558278,13.0
Respiratory_alkalosis,0.333546999208,nan,4.0
Strangury,0.333432502249,nan,3.0
Blood_pressure_fluctuation,0.332907632908,nan,8.0
Ectopic_pregnancy,0.332641123135,nan,4.0
Corneal_lesion,0.331842237876,nan,5.0
Tracheo-oesophageal_fistula,0.331337499818,nan,3.0
Thrombophlebitis_superficial,0.331180117083,nan,5.0
Xeroderma,0.330532416142,nan,3.0
Rash_vesicular,0.330425330458,nan,6.0
Acute_myocardial_infarction,0.328475672036,nan,6.0
Anterior_spinal_artery_syndrome,0.328467578631,nan,3.0
Hepatic_fibrosis,0.328417322297,nan,4.0
Logorrhoea,0.328244274809,nan,3.0
Haemoglobinuria,0.325877667612,nan,7.0
Petit_mal_epilepsy,0.324520097882,nan,4.0
Gingival_pain,0.322059362222,0.452533,11.0
Fat_redistribution,0.321902121902,0.340742,12.0
Hypersomnia,0.321868781465,0.379126,15.0
Catatonia,0.321628665049,0.44769,20.0
Oligohydramnios,0.320547799418,nan,4.0
Colitis_ulcerative,0.320389224066,0.432941,16.0
Bundle_branch_block_right,0.320144779175,nan,5.0
Phobia,0.320110131942,nan,8.0
Eosinophilic_pneumonia,0.318919679278,nan,9.0
Megacolon,0.318178156935,0.341582,11.0
Anencephaly,0.317534245016,nan,5.0
Organ_failure,0.316049804935,0.754414,20.0
Vaginal_disorder,0.314384814095,nan,3.0
Injection_site_hypersensitivity,0.31393129771,nan,3.0
Unintended_pregnancy,0.313208901137,0.596022,13.0
Molluscum_contagiosum,0.311703625229,nan,3.0
Salivary_gland_disorder,0.31106870229,nan,5.0
Lip_blister,0.31085343318,nan,3.0
Vulval_disorder,0.30820610687,nan,4.0
Pericardial_haemorrhage,0.307617140259,nan,4.0
Vasospasm,0.30727717612,0.676994,15.0
Fistula,0.306828632616,nan,7.0
Aura,0.306052762423,nan,4.0
Prostatic_specific_antigen_increased,0.305622989178,nan,8.0
Keratopathy,0.304728305734,0.476958,11.0
Tongue_paralysis,0.302363606459,nan,4.0
Breast_discomfort,0.302242668756,nan,4.0
Mycobacterium_avium_complex_infection,0.302031027777,nan,3.0
Pulmonary_infarction,0.29851186574,nan,3.0
Enzyme_abnormality,0.298338744114,nan,4.0
Eating_disorder,0.297893748972,nan,3.0
Neutrophilia,0.296755725191,nan,3.0
Chalazion,0.291126075136,nan,3.0
Creatinine_renal_clearance_decreased,0.290373455825,nan,7.0
Sinus_arrhythmia,0.287000745985,0.403711,13.0
Muscle_spasticity,0.284354048492,nan,8.0
Renal_infarct,0.28420232216,nan,3.0
Maculopathy,0.282965198967,nan,3.0
Arterial_stenosis,0.282882147968,0.724777,11.0
Renal_artery_stenosis,0.282882147968,0.675713,11.0
Infection_parasitic,0.282488381918,nan,5.0
Menopause,0.278717498385,0.582087,21.0
Synovial_cyst,0.278160432083,nan,4.0
Sensation_of_heaviness,0.273632883789,nan,7.0
Muscle_tightness,0.273036937631,nan,10.0
Graft_dysfunction,0.27009794638,nan,4.0
Pancreatic_pseudocyst,0.27009794638,nan,4.0
Echocardiogram_abnormal,0.27009794638,nan,4.0
Monoparesis,0.27009794638,nan,4.0
Bile_duct_stenosis,0.27009794638,nan,4.0
Pseudocyst,0.27009794638,nan,4.0
Urge_incontinence,0.27009794638,nan,4.0
Pancreatitis_necrotising,0.27009794638,nan,4.0
Gastrooesophagitis,0.27009794638,nan,4.0
Bullous_impetigo,0.27009794638,nan,4.0
Congenital_skin_disorder,0.269795657727,nan,5.0
Tooth_infection,0.269653407494,0.352489,12.0
Monocytosis,0.269476372925,nan,8.0
Trigger_finger,0.269284391148,nan,4.0
Hyperammonaemia,0.268672930123,nan,5.0
Altered_state_of_consciousness,0.26439400536,nan,3.0
Proctalgia,0.26005493667,nan,5.0
Basophilia,0.258891784721,nan,5.0
Exostosis,0.258641253128,nan,8.0
Glomerulonephritis,0.257982120051,nan,5.0
Dysgraphia,0.256574585905,nan,5.0
Orchitis,0.255617537679,nan,7.0
Corneal_infiltrates,0.247455470738,nan,5.0
Gastrointestinal_ulcer,0.247034632246,nan,7.0
Breath_sounds_abnormal,0.246304901945,0.485655,12.0
Mean_arterial_pressure,0.24532363096,nan,3.0
Clostridium_difficile_colitis,0.244735456699,nan,5.0
Urethral_pain,0.243323095579,0.480896,11.0
Calculus_urinary,0.24146044524,nan,10.0
Retroperitoneal_fibrosis,0.239971776198,nan,5.0
Microsomia,0.235777726178,nan,4.0
Elevated_mood,0.235180242761,nan,5.0
Right_ventricular_failure,0.229907410095,nan,3.0
White_blood_cell_disorder,0.229193241323,0.570781,13.0
Orgasm_abnormal,0.228553670664,nan,8.0
Illusion,0.228395061728,nan,8.0
Sudden_infant_death_syndrome,0.228325544945,nan,3.0
Microcephaly,0.228325544945,nan,3.0
Cerebral_artery_embolism,0.228185442555,nan,4.0
Homicidal_ideation,0.227525104806,nan,4.0
Scleral_hyperaemia,0.22466838882,nan,3.0
Eosinophilic_myocarditis,0.22466838882,nan,3.0
Middle_insomnia,0.22199735423,nan,8.0
Initial_insomnia,0.22199735423,nan,8.0
Anxiety_disorder,0.21898890718,nan,6.0
Terminal_insomnia,0.2141798372,nan,5.0
Brain_neoplasm,0.208969465649,nan,3.0
Lung_cancer_metastatic,0.205597560324,nan,4.0
Wound_dehiscence,0.198473282443,nan,3.0
Premature_ejaculation,0.198330270134,nan,5.0
Epicondylitis,0.193651496241,nan,3.0
Spina_bifida,0.186529474937,nan,3.0
Enanthema,0.185095153784,nan,4.0
Microcytic_anaemia,0.179957720179,nan,4.0
Status_asthmaticus,0.175866439404,nan,4.0
Urethral_disorder,0.174813613054,nan,7.0
Low_density_lipoprotein_increased,0.172893697609,nan,5.0
Ventricular_septal_defect,0.169801832191,nan,6.0
Diabetic_neuropathy,0.169639315396,nan,4.0
Refraction_disorder,0.162327421898,nan,3.0
Malabsorption,0.159625862057,nan,5.0
Cardiac_septal_defect,0.157538167939,nan,7.0
Arteriospasm_coronary,0.154285419553,nan,6.0
Subileus,0.151064201739,nan,4.0
Attention_deficit/hyperactivity_disorder,0.145038167939,nan,3.0
Portal_hypertension,0.134613337977,nan,3.0
Central_nervous_system_neoplasm,0.132867567489,nan,4.0
Limb_reduction_defect,0.13072519084,nan,3.0
Abortion_missed,0.12968547412,nan,3.0
Developmental_delay,0.124207858048,nan,3.0
Haemorrhage_urinary_tract,0.120705502182,nan,3.0
Pregnancy,0.120170957536,nan,4.0
Poliomyelitis,0.10967477433,nan,3.0
Apoptosis,0.108742344643,nan,3.0
Ectropion,0.107740980466,nan,3.0
Ectropion_of_cervix,0.107740980466,nan,3.0
Livedo_reticularis,0.10236409021,nan,4.0
Lividity,0.10236409021,nan,4.0
Sexually_active,0.100891569424,nan,3.0
Fibromyalgia,0.0791186543987,nan,3.0
Fear,0.068805267835,nan,3.0
Hyperinsulinism,0.0685233022765,nan,3.0
Tumour_necrosis,0.0629770992366,nan,4.0
Intertrigo,0.0444179994001,nan,3.0
Intervertebral_disc_disorder,0.0279366092938,nan,3.0
Folate_deficiency,0.0171755725191,nan,3.0
Thyroid_function_test_abnormal,0.0171755725191,nan,3.0
